"logFC_meta","SE_meta","p_meta","I2","tau2","Gene","Symbol","FDR"
1.08124840180692,0.321834770144696,0.00163585738847828,20.6143317909715,0.160025606606957,"1001","CDH3",0.0374493261614923
2.31418270896932,0.465784655625087,0.00157997992595206,47.4435894462689,0.507271741041346,"100133941","CD24",0.037043999660855
1.24973575871497,0.176116752439206,3.65033301843987e-05,15.0258185358967,0.0432328296003445,"10051","SMC4",0.00980460070062476
1.0143606503687,0.206378325959467,0.00032253253516851,61.7823550665731,0.16124947340121,"10072","DPP3",0.0209397275284549
1.63803194174594,0.600817886046198,0.00149033133253337,83.7523760571125,2.03546258244749,"10112","KIF20A",0.0364446167825785
-1.03736573856557,0.249659442956348,0.000592142040429054,40.6584098078568,0.128059549240324,"10194","TSHZ1",0.0267303285702988
1.10577079435262,0.327504715501178,0.000827277667718464,47.4953101495242,0.369447703439456,"1033","CDKN3",0.0302384250959163
-2.92293073321134,0.909672547916182,0.00268890306796879,91.8245391396555,5.23783509655198,"10351","ABCA8",0.045444902603221
-4.59012642820049,0.500924245479725,6.61614114969671e-05,65.150390479301,1.23672341429335,"10398","MYL9",0.0117105614404478
-2.44513451981121,0.732749864281321,0.00233880191348524,79.1355583032895,2.77901248372748,"10418","SPON1",0.0432522578831918
-1.08868236505848,0.462915787849408,0.00248069774219008,78.2445736424954,1.11283598770868,"10486","CAP2",0.0442160581989427
-2.12698051372643,0.557555096834516,0.00243447143541864,89.499211279511,1.9307367046577,"10516","FBLN5",0.0439733226092658
1.06397753607558,0.265795094615484,0.000387392716476345,52.3943961846043,0.290744831062437,"10535","RNASEH2A",0.0232898188353242
1.02956676265862,0.295869063205093,0.000880068222636983,38.0635325329942,0.264421833848318,"10576","CCT2",0.0307285805048987
1.19818525585832,0.126978793835977,1.11333269606639e-05,0.138032094144187,0.000234483237508159,"10606","PAICS",0.00659485897022857
1.69774396064097,0.665197996141831,0.00247112292661485,78.2215635266265,2.04138057704024,"1063","CENPF",0.0442160581989427
1.58837967557463,0.287657217115639,0.000243535173027589,51.0380154187224,0.275340736283012,"10653","SPINT2",0.0183700314036541
-1.11473669931859,0.370296006150746,0.00194607356310878,80.6378878196323,0.793294300752811,"10659","CELF2",0.0400448582016936
-1.28314923547697,0.342607459224209,0.00120049538171173,71.8453482777921,0.538186991561216,"10763","NES",0.0346184002968686
1.76121307834853,0.522149557103554,0.00239780983096392,47.8197834224885,0.886823982010887,"10804","GJB6",0.0436241102038061
-1.81236782573088,0.307993289195814,0.00015707491557706,82.5403139275083,0.485783275371414,"10826","FAXDC2",0.0164374014340114
-2.15987541908118,0.67356454624473,0.00206769109724047,86.1011235184932,2.88202967853526,"10979","FERMT2",0.0411717132838773
1.22123185469183,0.407184930748772,0.000965937301765457,75.257942876715,0.942282165000087,"11004","KIF2C",0.0319441334278429
1.12721476608123,0.697656258051945,0.00286413060613891,89.6594711555561,2.87810770351096,"11065","UBE2C",0.0465565701433718
-2.12414253890766,0.461480256628746,0.00322297871144044,84.0459926971201,0.725841392427662,"11149","POPDC1",0.0487318252615694
-1.04135849210254,0.298900935438938,0.00200468033636797,72.5076677803111,0.451183883762008,"11168","PSIP1",0.0404593863818729
-1.98377341041056,0.505633300058279,0.00281511220428687,78.0788563508355,1.19465668548268,"11185","INMT",0.046336739774038
-1.01410601195339,0.146660502728036,0.000479708678877323,57.797024309352,0.0800736256118613,"11248","NXPH3",0.0249003422489415
-1.6306351036745,0.477873908381284,0.00309630221328601,88.1041434807623,1.37367184882711,"11343","MGLL",0.0480906148443465
1.1637510631852,0.229911770529004,0.000407321426948038,0.000449278834029547,1.2513471232716e-06,"113452","TMEM54",0.0239167741654037
-1.02259158749615,0.471283236613939,0.00231242203176527,80.9542409182613,1.21189076696904,"114884","OSBPL10",0.0430426799628026
-1.4234759422876,0.287963133946146,0.000952510176241653,73.9103352384407,0.357422676802305,"114905","C1QTNF7",0.0316973524184743
-1.08043476972597,0.181780451457905,0.000198086034237705,27.4050882241111,0.0467557850126748,"114928","GPRASP2",0.017574681627962
-1.42805622192503,0.437220608334903,0.00109380630572429,53.5847700339964,0.780642529240507,"1152","CKB",0.0336731449530869
-1.19138663569523,0.327570606852759,0.00237787378839154,52.3871748071171,0.381753028692136,"116159","CYYR1",0.0435367073620051
1.17900073735881,0.160118970571924,2.07235998322305e-05,0,0,"1163","CKS1B",0.00905436178306615
1.75541662098541,0.259386793200181,3.71514883888099e-05,7.47904973228673,0.0405041600306734,"1164","CKS2",0.00980460070062476
-1.99621411086479,0.59508757653671,0.00113205881032088,84.9989647878153,2.26772144892954,"116496","NIBAN1",0.0341312341914109
-2.46121288685165,0.515453166298182,0.00141223911556411,71.9947187773622,1.12361442801032,"119587","CPXM2",0.0362324787101415
-1.4240611169326,0.644459577774481,0.00246235096523548,76.6396030253062,2.15641079759222,"12","SERPINA3",0.0442160581989427
-1.18467270251652,0.19251660237567,0.000331903211344893,31.1466014460808,0.0692571558395813,"122525","DORIP1",0.0210205367185099
-2.30052906048878,0.636699469839727,0.000433794796738352,90.5534368377837,2.70005222982609,"126393","HSPB6",0.0245269591258414
-7.38257019883462,0.693886676922973,5.56517506148048e-05,77.4105749990522,2.83594076110486,"1264","CNN1",0.0110810508915052
-1.86079344879231,0.457333695910463,0.00211111413055752,79.1264692419924,0.950763348425712,"127435","PODN",0.0413195710295708
-1.67517572493707,0.551601350159884,0.00219247702224681,57.7715039650835,1.24699259312255,"1292","COL6A2",0.0419339859715581
1.92950725864968,0.328571571974622,0.00284467171215336,71.003846370901,0.460875871050412,"132299","OCIAD2",0.0464409119905704
-2.17825934331818,0.615775844376999,0.00139492932182032,88.0157651303348,2.27232475722504,"1346","COX7A1",0.0361568552657158
-1.04164349971176,0.429575266442753,0.00309103531634481,52.6881844360507,0.662743834992461,"1359","CPA3",0.0480906148443465
-1.56337232147436,0.315686665930147,0.00144248975011305,52.0476641439707,0.417949563345412,"137872","ADHFE1",0.0363999440444389
-1.26909002876283,0.247869301439501,0.000412233698146119,0,0,"139818","DOCK11",0.0239953372273492
-1.72627661751771,0.678208405409478,0.00126879099075443,94.9445707215985,2.7212616717667,"140597","TCEAL2",0.0350047267860195
-2.16825339585828,0.409852030103393,0.000423927950413448,24.275349920938,0.219943338417281,"140606","SELENOM",0.024460570265238
-2.76821829351735,0.776554066633277,0.00118206376851867,87.0697636254294,3.55680719024462,"1410","CRYAB",0.034359792921002
-1.07405465571051,0.310970697177809,0.00285192707268827,48.5110448112722,0.30725883010281,"144402","CPNE8",0.0464707210711503
-1.64132199616139,0.41363939292318,0.002130083882789,83.4174273272478,0.56061124609791,"145581","LRFN5",0.0415954005376465
-2.3527464594314,0.465480654651039,0.000322511226387967,81.602105970492,1.33516078857099,"1465","CSRP1",0.0209397275284549
1.09329319517145,0.258931054742543,0.000507454483359836,62.6245782686721,0.315766689123323,"1476","CSTB",0.0253601322453278
1.4953230601931,0.431771993271219,0.0019170897473319,56.8488070120609,0.644970531773975,"150468","CKAP2L",0.0399465670104626
-1.06768769617244,0.208200033104463,0.000340810856333951,0,0,"152503","SH3D19",0.0213829615157812
-1.16754841391078,0.22947824627888,0.000814217345438823,43.5857796026106,0.149600515491503,"152926","PPM1K",0.0301547999689745
-1.39856522682227,0.232905462340879,0.000510996546589892,51.0107680706294,0.15444700244406,"153222","CREBRF",0.0254404200461105
-1.19005256685004,0.159442589394843,6.55067568246416e-05,0,0,"154043","CNKSR3",0.0117105614404478
1.06614020499133,0.0355944851332895,9.25514101373992e-08,0,0,"154467","CCDC167",0.00101683908138234
-2.50125104501513,0.490488939717476,0.00248121762775925,83.9466999236494,0.85543032100084,"158471","PRUNE2",0.0442160581989427
-2.3158218093878,0.462703098589435,0.000189683214291971,30.2246218376132,0.434045618142444,"1634","DCN",0.0173008853289313
-2.67840199478367,0.137562056672119,1.61661946016019e-06,0,0,"166336","PRICKLE2",0.00406983949095329
-7.3753375876609,0.610285090604591,3.20239494243063e-05,74.6576534153886,2.03151251060329,"1674","DES",0.00977215668796257
-3.55743033680257,0.665081417722005,0.000435248065870093,85.2126037220002,2.70969329404474,"1675","CFD",0.0245269591258414
-3.41901652556471,0.633815834509413,0.000643303351354195,90.1294007624237,2.59411468898222,"1805","DPT",0.0276748609308501
-1.44775147783734,0.604084642632074,0.00146306416191337,87.8210383962021,2.25174791476933,"1809","DPYSL3",0.0364446167825785
-1.34466871125654,0.34338200055734,0.00157641942125663,79.0552220063263,0.631151704089173,"185","AGTR1",0.0370035980700566
-2.22717878311524,0.493441501312186,0.00202933686642567,77.5451733424586,1.17016455409299,"1879","EBF1",0.0408300144753376
-1.80802917895841,0.354612025894671,0.000218725573594252,41.4597189344736,0.32392763593544,"2","A2M",0.0177876382981307
1.03237725066427,0.193404557194383,0.000144622237426912,58.7248235705552,0.163901475793116,"2023","ENO1",0.0164374014340114
1.14792634348077,0.342157164242612,0.00103272440143665,62.5304846915463,0.444749062880133,"2041","EPHA1",0.03301439594434
-1.0521964720687,0.327827463463814,0.0007704169890782,78.6653318081698,0.577588878207998,"2054","STX2",0.0293161617862567
-1.44082035206888,0.472127176327666,0.00140002961850673,50.1519242637941,0.820159064523315,"217","ALDH2",0.0362112151410061
1.39136111229737,0.331124982588023,0.00140839047823559,64.9856876714907,0.444293813876997,"2177","FANCD2",0.0362112151410061
-1.48731046941535,0.328079336079615,0.000878091014795674,72.598361532586,0.522937976779596,"219","ALDH1B1",0.0307285805048987
1.31439203591709,0.225061138251429,5.24869002031887e-05,0,0,"2194","FASN",0.0108622446061826
-2.00397038601367,0.488017359462872,0.00117877130564842,86.9898182027921,1.40043176536892,"219654","ZCCHC24",0.034359792921002
1.11375293718484,0.181750958229311,0.000165311254308201,2.79118874652343,0.00953260659368428,"220042","DDIAS",0.0165640231928715
-1.02420037149998,0.386530427959599,0.00321270690904834,59.9756894268267,0.643611795034565,"221061","FAM171A1",0.0486617336561172
-2.0446063010428,0.519305571950414,0.00266015567467624,84.3270670649759,1.3399249091808,"221895","JAZF1",0.0453645514716168
-1.78814974809539,0.23588309876602,7.188970554195e-05,11.6057899007773,0.0402502713661564,"222166","MTURN",0.012027820636061
1.57966597824499,0.477303416762457,0.0022127231373954,29.6047001628615,0.471632058854437,"2261","FGFR3",0.0420417396105126
-3.50071316908781,0.689296564001953,0.000443938491518506,84.7065135905896,3.03800431149175,"2273","FHL1",0.0245269591258414
-1.06047830363874,0.210600832650021,0.000420785218010322,68.8238027644439,0.160524795535692,"22854","NTNG1",0.0243523399158847
-2.93639135172721,0.527961438272876,0.000519286906797931,83.8627433180636,1.60852194904811,"2294","FOXF1",0.0255707537968468
1.90982796437219,0.721703698899619,0.00272162875041694,82.1056477043668,2.6361418718206,"22974","TPX2",0.0455262483666089
-1.08158223069046,0.274112814731069,0.00066146356607251,80.8673284633784,0.401458484169061,"23017","FAIM2",0.027810256316792
-1.69974080278446,0.437061017836644,0.00100893367187295,75.0352037753703,1.06552781334249,"23048","FNBP1",0.0327905766386403
-1.05251305876661,0.24443578802157,0.000750901674620774,68.8676380011273,0.277120308581824,"23142","DCUN1D4",0.0291952890479969
-2.07336341198789,0.51815599562775,0.00102315791335231,80.2689133265338,1.48854605480958,"2316","FLNA",0.03301439594434
-2.50372480039358,0.905457081823639,0.00117564249957999,93.3454494151437,5.30049219284747,"2318","FLNC",0.034359792921002
-1.08358547533001,0.3470935557852,0.00114173455544037,77.6874610291759,0.570228673466225,"23208","SYT11",0.0342690520813249
-2.43794509308242,0.918033632480775,0.000972136125250541,86.2648283233193,5.32658600991782,"23336","SYNM",0.0320438978110407
-1.03788912803342,0.337107982847992,0.0010865515913136,77.8606367753111,0.650702388376313,"23492","CBX7",0.0336731449530869
-1.16090592582557,0.252331113158869,0.000763720935473421,47.0816821376705,0.158066288785632,"23731","TMEM245",0.0292718489294304
-1.48268905836538,0.406941103588675,0.00229071744407247,78.0796357644349,0.8926978006269,"23768","FLRT2",0.0429274315779672
-1.44613021559887,0.489613626403594,0.00187898588409238,68.0315123320408,1.22794631391312,"2532","ACKR1",0.0395623189977128
-4.48062957723267,0.507344221828676,0.000279838802375266,83.2200821002696,0.930469475465383,"256691","MAMDC2",0.0194847212942764
-5.5878629606324,0.740892207109303,0.000640154504912544,88.5199336546106,3.17903941198937,"25802","LMOD1",0.027671757049776
1.13104515377565,0.287173996762562,0.00129420365593203,58.4102824043542,0.333512724713396,"2589","GALNT1",0.0353420435240962
-1.63766480733964,0.568007892307788,0.00150507715535662,80.5725790160092,1.80209265658246,"25891","PAMR1",0.0364446167825785
1.83504294534715,0.645769482643258,0.00194995544661684,78.0834458040941,1.85608039324345,"259266","ASPM",0.0400448582016936
-2.6794038606541,0.41493959694787,0.000226585101751746,77.5483359322414,0.946451721381716,"25959","KANK2",0.0179520638891018
-1.81546098558308,0.410613192608714,0.000492991587645451,79.9924531908538,0.96740758789388,"25960","ADGRA2",0.0252964711944616
-1.90492449798335,0.580965269692035,0.000558759704317553,90.1268609048788,2.14918440370971,"25999","CLIP3",0.0264033935022061
-1.54561313322419,0.464523215386818,0.0015997849821622,80.718252490591,1.27543275802343,"26040","SETBP1",0.0372051611325019
-1.28437798993437,0.337050248237505,0.000860142242036868,77.1481283391658,0.644166930411003,"26137","ZBTB20",0.0307285805048987
-1.1867586055921,0.364042796337418,0.00194925421422028,89.2069969400284,0.781917806069244,"2621","GAS6",0.0400448582016936
-1.47607979372634,0.565376927136782,0.00259939683940823,53.4761398606963,1.36141629504346,"26353","HSPB8",0.0450406755470906
1.08187912531302,0.321397096139438,0.00193640017919961,74.9736017698209,0.584493033386798,"26354","GNL3",0.0399639188148913
-1.92510763378241,0.527967667141299,0.0028322009266058,91.9290386668758,1.77832999643775,"2690","GHR",0.046336739774038
2.42829792686064,0.224798600686366,1.02360603502262e-05,0,0,"2706","GJB2",0.00659485897022857
1.03591987372484,0.376636262924442,0.00310152258138454,62.1547759538254,0.54961570584639,"27242","TNFRSF21",0.0480940675249
-2.58292502121281,0.556601766872773,0.000411118422057547,75.1141321105057,1.77886056091105,"27295","PDLIM3",0.0239953372273492
-1.06850688433557,0.245227431016541,0.00105312689148092,65.9685931151982,0.190927558802063,"273","AMPH",0.0331690275408066
1.95950206300675,0.558675049788002,0.00252212965710309,61.7245201243261,1.08434843968345,"27324","TOX3",0.0445533789091478
-1.562774152527,0.579776327292651,0.00198788134016485,85.8728514921699,1.86676858871145,"274","BIN1",0.0403995259242382
-2.14364050010882,0.529028488218055,0.0033047374092613,94.1555922359422,1.72458746701055,"283298","OLFML1",0.0494074470778471
-1.95323432362614,0.507334639833627,0.000845641067473931,70.9263104286282,1.40445635599002,"284119","CAVIN1",0.0305500401147401
-2.03601486931076,0.133429470559185,4.14438320169172e-06,9.90069893169213,0.0137861493116643,"285195","SLC9A9",0.005691476931096
-1.91230002958455,0.520336272910504,0.0013256710326034,58.4440513038277,1.31221845667402,"2878","GPX3",0.0357895638024564
1.0979786624207,0.221570113184418,0.0024265711145558,61.703652366787,0.177569668953325,"28998","MRPL13",0.0438775023337994
1.4748458540023,0.230123055698937,0.000129013905733163,10.9869921355281,0.0431229405018874,"29089","UBE2T",0.0160388671439986
-1.05781734015248,0.245936859979033,0.000189447265550731,77.8967481222413,0.369219506296945,"29091","STXBP6",0.0173008853289313
-1.73689390718552,0.322393024716509,0.000608243291243099,88.6482047998111,0.569065043118187,"2949","GSTM5",0.0269845691678002
-1.21142921160102,0.209858563189069,0.00144406927961801,64.0059256206109,0.182578886542394,"29904","EEF2K",0.0363999440444389
-1.0158131843485,0.466629588733427,0.00214375570269609,82.2465884313352,1.27531363637325,"2995","GYPC",0.0415954005376465
1.16882100629144,0.132927647580345,2.79901951994322e-05,0,0,"3014","H2AX",0.00955461917485702
1.2005526692561,0.26686400641436,0.000224413885832681,57.0635199106288,0.355963744516277,"3149","HMGB3",0.0179474087335903
-1.3280265501777,0.150342110502109,2.91540785813702e-05,0,0,"316","AOX1",0.00962562528899666
-1.19692744364981,0.317203053091633,0.00221565774513034,89.5165541833636,0.605784569186844,"3316","HSPB2",0.0420578199688267
1.73707758348723,0.203825443142873,0.00015358722025752,0,0,"342897","NCCRP1",0.0164374014340114
-1.70314569443075,0.809058844538568,0.00273757047963163,72.9504819905387,3.7055200483075,"347","APOD",0.0456366196280867
-2.99457314658276,0.502762432313393,0.0002516840067026,51.8142877858712,0.884241653331984,"348093","RBPMS2",0.0184247685497483
1.89964958786097,0.434067789279741,0.000653269673726385,39.5498074609738,0.315733452033382,"3486","IGFBP3",0.0277218067107446
1.06513601535212,0.298601397659906,0.000562175710912091,35.3755413498061,0.284636132656556,"3557","IL1RN",0.0264033935022061
-1.67151025181667,0.331877783711588,0.00065279130494034,69.8722910234147,0.488187453648096,"358","AQP1",0.0277218067107446
1.11135350512251,0.316184834154384,0.00264246353470806,72.2911680970215,0.464935826820988,"3608","ILF2",0.0453444362163216
1.16728443041215,0.275207621915315,0.000463446960226966,54.624946882063,0.289550072738433,"3728","JUP",0.0246828572733438
1.17760498444054,0.341737461318209,0.00157556601387078,37.0066908766862,0.19683090354048,"3832","KIF11",0.0370035980700566
2.40645347417121,0.77826412760797,0.00239446590301586,73.1272009394172,2.2688406170584,"3855","KRT7",0.0436026611995835
1.62997815675182,0.372971882870701,0.000299642986338865,41.9327007554648,0.379692693398621,"3856","KRT8",0.0201160324828824
1.15039845007319,0.313183870204037,0.000874706559017055,0,0,"3861","KRT14",0.0307285805048987
1.11876430604086,0.199567980533325,5.2855013475963e-05,0,0,"3866","KRT15",0.0108622446061826
1.50659392898106,0.284121346654063,9.6407587578767e-05,0,0,"3868","KRT16",0.0137705589633785
1.12790653775762,0.27329959729591,0.000838560676781945,54.5442011716102,0.314234156483002,"3875","KRT18",0.0304848592606288
1.14776258891879,0.456709713771754,0.0016311739477942,70.9348135381428,1.00480589486691,"3880","KRT19",0.0374166780279899
-1.28187646380868,0.375106698029822,0.00168094677062456,75.7137865622698,0.660109891644363,"4026","LPP",0.0376158532893096
1.54072684888184,0.372400025868434,0.00103683081688498,46.4020507804234,0.592335171573434,"4072","EPCAM",0.03309314207934
-3.11476830676098,0.494883145227108,0.000593215919840351,90.9642342936815,1.3572131978672,"4129","MAOB",0.0267303285702988
-1.2728924024429,0.552380194093384,0.00232932426780728,93.0477818207187,2.03156536228349,"4130","MAP1A",0.0431578571790604
1.25659018122303,0.219714962823331,0.000124245025496776,50.1255634595034,0.218747642795224,"4173","MCM4",0.0160388671439986
1.09553528728394,0.212953130411929,0.000188062810671627,52.5864472891821,0.164053501005684,"4176","MCM7",0.0173008853289313
-1.33448867154048,0.335522290113618,0.000882207978914811,74.1106561725252,0.617985759175073,"4211","MEIS1",0.0307285805048987
-2.90377172374285,0.67707114728128,0.000762541422308134,81.2065288573927,2.36579038656088,"4239","MFAP4",0.0292718489294304
-1.86934768651183,0.551296950694545,0.00152053263191619,45.6181701942513,1.21534999046331,"4256","MGP",0.0365553146878192
1.22984048319416,0.180237745681395,3.90340160623102e-05,15.7344083260997,0.0266602893337623,"4282","MIF",0.00980460070062476
-1.21738578562535,0.333165067808565,0.000893977827902139,82.7641892193152,0.51778309804879,"4306","NR3C2",0.0308747340285394
1.78124487749686,0.602508541613681,0.00306011987716109,22.222754292907,0.554501600503096,"4312","MMP1",0.0480906148443465
1.03002095796797,0.315944520818368,0.00116469622161332,0,0,"4319","MMP10",0.034359792921002
-2.22891049012337,0.475660047350283,0.000728370531309564,83.3536161331583,1.37853578107903,"439921","MXRA7",0.0287072064590501
-2.24324430372607,0.718245819600018,0.000568308901869696,75.2435079702,2.60114582424778,"4629","MYH11",0.0264033935022061
-1.13466252251805,0.28082200569152,0.000662210262222812,50.1110788502111,0.232316043014436,"4660","PPP1R12B",0.027810256316792
-1.13745170015096,0.453169730652133,0.00276035194517407,77.4374784698513,1.08568160321354,"4774","NFIA",0.0457936475912734
-1.33997597284812,0.444252250720582,0.00187989768027861,54.8269996782642,0.88536879667044,"4781","NFIB",0.0395623189977128
1.03133577707446,0.220828845001619,0.000265506575549706,47.75832357874,0.174457772205813,"4830","NME1",0.0188559444075176
-1.58412738977137,0.259089911292532,0.00147651797661255,78.1754341443862,0.307264005864998,"4919","ROR1",0.0364446167825785
-1.96818976995468,0.459931926792387,0.00109864363082521,87.6888632096069,1.36390869459206,"4921","DDR2",0.0336731449530869
-1.05270475242387,0.160651359392417,0.000131400848001975,9.2833362897178,0.0198469723794582,"492311","IGIP",0.0160388671439986
-2.86109387042991,0.609899047049062,0.000869413719320742,90.7441666940625,2.27401986538581,"5023","P2RX1",0.0307285805048987
1.52035948095011,0.394688124638533,0.000535040474173137,79.5974847488797,0.86555805782981,"5050","PAFAH1B3",0.0259874534040844
-1.04137187685985,0.291248977094146,0.00293068850731638,58.1616489241239,0.257557766609783,"51119","SBDS",0.0471815080234627
1.55174287516485,0.331435372060198,0.000321234115457547,62.6837204015988,0.491043392453921,"51155","JPT1",0.0209397275284549
2.40477162662851,0.613388861654661,0.000446054193458593,75.5872713476636,1.93217182555456,"51203","NUSAP1",0.0245269591258414
-7.73078252770271,0.81839606254335,0.000146128093794513,82.9708326730903,3.50004572199754,"5121","PCP4",0.0164374014340114
-2.09974193514708,0.669992691546128,0.00221091679721045,91.7662199308078,2.87256854282051,"51285","RASL12",0.0420417396105126
-1.02532059376417,0.251459394957438,0.000916702767286587,73.7356269501357,0.350556030420844,"5138","PDE2A",0.0312855074219993
-1.35350234621679,0.330270648353445,0.00117900870717384,83.0282084378988,0.651714960180824,"51435","SCARA3",0.034359792921002
-1.93950167120284,0.506065367354479,0.00126124055364785,61.1505115171265,1.17116335608992,"5156","PDGFRA",0.0349497105691157
1.40057960218655,0.194904443683654,2.28255770755058e-05,18.8698948699721,0.0537959944797829,"51599","LSR",0.00905436178306615
-1.39481598492451,0.345925288668069,0.000442004217131386,73.6072668661344,0.655892013883411,"5178","PEG3",0.0245269591258414
1.1981020659311,0.282415676818478,0.000454800404838822,33.8823456753806,0.133749113699057,"5226","PGD",0.0245269591258414
-3.31228942669784,0.661359540628743,0.00160907780355146,90.8221870947627,2.78854566549565,"53826","FXYD6",0.0372492263948579
2.34039004665533,0.216952677007836,2.60354844041463e-06,0,0,"54474","KRT20",0.00524354655899506
-1.0527060103803,0.284750759685342,0.0021309784856197,47.9629548284289,0.204785486706792,"54510","PCDH18",0.0415954005376465
-1.40570251724819,0.430517909743064,0.00208683840969454,20.4424478708497,0.205269731260191,"54749","EPDR1",0.041208427469182
-2.87791721725807,0.39272745309697,0.000738539569703951,93.1255201803648,0.995547292301121,"54796","BNC2",0.0289381068751704
-1.89194928227199,0.468401184291083,0.00116418919037233,89.8524262748365,1.39881131189987,"55022","PID1",0.034359792921002
1.19302177429975,0.333401794062102,0.00254499380745,62.4111018578911,0.616060376601309,"55034","MOCOS",0.0447031630366736
-3.28851700572964,0.517574402530679,0.00164162478999147,89.067079900183,1.68022395806763,"55084","SOBP",0.0374493261614923
1.57302167475488,0.426494064896276,0.00149899247734844,48.7961823331619,0.697141878602646,"55086","RADX",0.0364446167825785
1.66125333950483,0.350726200063914,0.000257395563395925,51.1826019924257,0.469594620571198,"55165","CEP55",0.0186472900963811
-1.20779063492842,0.239697701059488,0.000197472376624306,31.1843020906898,0.152385868639747,"55214","P3H2",0.017574681627962
1.17952137505791,0.403923820463049,0.00222717694210174,79.7594421907161,0.875495023203967,"55215","FANCI",0.0421636848672026
-1.60390477953195,0.352764206931702,0.00157066362459959,91.7230617101266,0.798997495583334,"55273","TMEM100",0.0369978542683459
1.17219501405757,0.246957769009327,0.000555475047143639,32.0104027662161,0.0806158950610057,"552900","BOLA2",0.0263850647393229
1.10982545521384,0.103689853518452,1.52743167018825e-05,0.00222709668895564,1.50289482060794e-06,"5531","PPP4C",0.00788781380451059
-1.27377763380065,0.199976969455289,0.000450984821905572,29.1197057214206,0.0621217922449866,"55529","PIP4P2",0.0245269591258414
1.25868210530304,0.306534529852889,0.000832578695700048,52.8550515795353,0.235948176025173,"55620","STAP2",0.0303221246499077
1.2386253799662,0.405555873524832,0.0017683303204692,68.5010039443421,0.679950238541922,"55872","PBK",0.038431910665828
1.31550763757121,0.379392225256675,0.000872460745046591,71.9321701657767,0.679320067322843,"5603","MAPK13",0.0307285805048987
-2.15213261281795,0.563127399624835,0.00159451542674779,88.5659402061466,1.99317061868437,"57088","PLSCR4",0.0371684498781257
1.70408249738977,0.532388486939402,0.00303601146801141,79.1635206888357,1.35005690560193,"57111","RAB25",0.0480906148443465
-1.46004794060862,0.385365841581746,0.000484098442078626,80.8163086121125,0.915013809109509,"57161","PELI2",0.0249354031290627
-1.42014869922286,0.360082937510159,0.00286991661491319,71.5214165609423,0.416562945094594,"57381","RHOJ",0.0466130005035094
-1.88210663693865,0.812135380250532,0.00237606836523497,96.7999425461513,4.39556866622797,"5740","PTGIS",0.0435367073620051
-1.14634585681787,0.404767193773464,0.00173970126870448,71.9778132779882,0.885797172021603,"57419","SLC24A3",0.0382430399657805
-2.50899853989457,0.732457566363116,0.00103219786333202,87.5240156523276,2.92154394844355,"5742","PTGS1",0.03301439594434
-2.26177901537101,0.597356913165749,0.00184202920188655,91.8282032431263,2.06691327195565,"57484","RNF150",0.0393062972516872
-1.21143563512605,0.314704446620502,0.00235457798159407,72.8460217569023,0.381099624633136,"57542","KLHL42",0.0433321660201814
-1.4853222339507,0.321258601797851,0.00208524756582499,72.5839452703088,0.297178861448858,"57569","ARHGAP20",0.041208427469182
-1.98398243182389,0.236421117661867,4.0913518852049e-05,7.20533939966893,0.0239780568675999,"57616","TSHZ3",0.00980460070062476
-1.69239465293901,0.285881532549276,0.00033866184812437,20.1022388998641,0.0779708841636225,"57631","LRCH2",0.0213145300663275
-1.12291728907636,0.141252332681391,4.68948235297864e-05,0,0,"57659","ZBTB4",0.0102385644373694
-1.59504297385587,0.452736289131699,0.00259614357318479,86.5003107895429,1.02665061097391,"57685","CACHD1",0.0450406755470906
-1.05776518742855,0.225318570241904,0.000580108673466784,68.6048484260019,0.161829816846139,"577","ADGRB3",0.0264033935022061
-1.82226219030302,0.457070174032734,0.00118369667944139,75.1306124369751,1.17931795624415,"58189","WFDC1",0.034359792921002
-1.83684478479514,0.362852619464574,0.000326022544399326,80.7874724439181,0.770973295485662,"58494","JAM2",0.0209397275284549
1.01441738139484,0.227405777918597,0.0030741249694769,41.0812012128198,0.168686059030438,"58527","ABRACL",0.0480906148443465
-2.39558050575482,0.294884405298733,1.51584080087584e-05,12.6362105773562,0.110734940454571,"59","ACTA2",0.00788781380451059
-1.18753495157392,0.291398729283317,0.000690381990986615,80.3466862828358,0.415331083023475,"5915","RARB",0.0281463427094543
-1.22839677497167,0.419321425644633,0.00270956138275421,51.8991548536093,0.603350994833575,"5919","RARRES2",0.0455262483666089
-1.87244457835224,0.400120331869123,0.00107419114841559,81.4752752841767,0.781140732657125,"59271","EVA1C",0.0334894887447213
-1.14226027016888,0.155283029503072,3.14211486236975e-05,5.20494662595925,0.0122953920882706,"59353","TMEM35A",0.00973572205048104
1.05645751914663,0.153803852980346,0.000155619774228783,30.5132043475052,0.0743199555708658,"5985","RFC5",0.0164374014340114
-2.5752623237382,0.738536091084605,0.0023853385512212,72.8639458758293,2.53888959259744,"5997","RGS2",0.0435439072200017
-1.94646625784917,0.0762520372154422,6.54439741501498e-06,3.35030561118144,0.00410983502874515,"619208","FAM229B",0.00622369188695278
-1.20625071606882,0.34045476559416,0.000569340381843936,74.5987926337799,0.7188278998903,"6237","RRAS",0.0264033935022061
2.29245796287017,0.59675284656636,0.000572278403061743,40.1004436835179,1.27269527670021,"6280","S100A9",0.0264033935022061
1.0160638141598,0.349792875382375,0.00198580036450439,27.0420121574238,0.365205394950011,"6338","SCNN1B",0.040397999334463
-1.51796407192076,0.37486085142627,0.00142738023537725,71.9595464739342,0.664279694107565,"6387","CXCL12",0.0363379443607371
-3.33640253093457,0.466038499699761,0.000204711787021363,46.717013799463,0.508797363581496,"64094","SMOC2",0.0176498738219137
1.59815444426574,0.50693753815551,0.00132184266368696,75.4404374856979,1.09709988701321,"64151","NCAPG",0.0357341090559133
-1.07872116596158,0.40383289384477,0.00288325088743791,51.4190854332229,0.584381107283912,"6422","SFRP1",0.0467541649541059
-2.07121097391062,0.478790349571868,0.000578218129439274,38.153183671914,0.661116144505167,"6423","SFRP2",0.0264033935022061
-1.48479656164024,0.432994575609743,0.00313379443502584,92.909950697528,1.23130567235614,"6442","SGCA",0.0482527675240217
1.20605299748783,0.143124477934978,1.52537205406324e-05,0.00219633479193617,3.34965247691414e-06,"6472","SHMT2",0.00788781380451059
1.06761424619132,0.297580129945546,0.000640311025395545,57.5939579757224,0.354335637561406,"64943","NT5DC2",0.027671757049776
-4.52036390008677,0.591847799635604,0.000826422875902714,88.8978156047361,2.28845865541824,"65055","REEP1",0.0302384250959163
1.28924583353885,0.346225098913629,0.000715717966992458,63.5950885097268,0.545228400199664,"65108","MARCKSL1",0.0284310845270771
-2.26408861496158,0.642714042046332,0.00319253984350713,86.4631480526235,2.5611248222803,"6525","SMTN",0.0485527380639878
-1.16707930734006,0.329427894707021,0.00148117619918888,74.7138722680857,0.531682686809637,"6649","SOD3",0.0364446167825785
1.14181055407024,0.290335936239161,0.00157397528650429,68.1855007592444,0.386495065858643,"6692","SPINT1",0.0370035980700566
1.24761640356155,0.421829573380229,0.00177280371493158,0,0,"6698","SPRR1A",0.038431910665828
1.03021891160011,0.160996620874893,5.61205159351308e-05,0.000934380862221234,1.52215468284657e-06,"6732","SRPK1",0.0110810508915052
-2.89810124092156,0.391706367059958,3.63821082661134e-05,38.3553569268839,0.595567811392251,"6876","TAGLN",0.00980460070062476
-8.22819340633258,0.7893929789042,0.000242579967759995,86.7197569161923,3.71672474457221,"70","ACTC1",0.0183700314036541
1.2564326894368,0.275935435849338,0.000224565392297158,0.000939481436896768,4.26049651194207e-06,"7037","TFRC",0.0179474087335903
-2.06389861095536,0.502790023047692,0.00318642616957708,84.7747304782839,1.47783732257401,"7041","TGFB1I1",0.0485527380639878
-1.15064998254885,0.465169085848757,0.00229263040169613,80.3823428832923,1.15674289218822,"7043","TGFB3",0.0429274315779672
-1.89939189752227,0.451974375933016,0.000915091564184483,65.6172852752647,0.770773727160416,"710","SERPING1",0.0312855074219993
-1.16167976689786,0.323534531205403,0.000724075226918649,61.3483029274991,0.471754339763994,"7102","TSPAN7",0.0286163422729728
-1.94647576228839,0.469531091552865,0.00039125814356931,90.3221548616678,1.34531999261742,"7111","TMOD1",0.0233134290280648
3.06027801058046,0.671633158400402,0.000283155439546652,61.3723212856991,1.59254227385717,"7153","TOP2A",0.0194847212942764
-1.4496424203685,0.563802771709305,0.00217196128653745,69.4095247033291,1.4105806820064,"716","C1S",0.0418195987675565
-2.78370866456845,0.429046866080596,0.000177718467058278,62.5804356993599,0.859305698023053,"7168","TPM1",0.0170440472693035
-3.0139055683751,0.587091778567427,0.000361023821459402,70.4604371228447,1.86376071184983,"7169","TPM2",0.0221756814494589
-3.72784654325588,0.539701162818556,3.60536477521222e-05,40.6894388684053,1.24380109709927,"72","ACTG2",0.00980460070062476
-1.53559435052746,0.396107347989761,0.00192500212968125,83.9496159002752,0.842601443710919,"7220","TRPC1",0.0399639188148913
1.78291000333619,0.237900256371576,2.28611254590071e-05,14.5478965569107,0.0802166025532473,"7298","TYMS",0.00905436178306615
-2.82467850597552,0.816592184585114,0.0018004419463176,85.9697297590087,3.86648768509212,"730","C7",0.0388205240882004
1.12009692946816,0.170070593891075,2.85563186424167e-05,0.000217290688231134,4.74977571164609e-07,"7371","UCK2",0.00958540429097121
1.34746307300223,0.390054412536583,0.00105567758955596,74.9752573877531,0.809577026889475,"7422","VEGFA",0.0331690275408066
-1.75985185866406,0.416488842433526,0.000653816196008127,79.0445038354026,1.04926362421078,"7704","ZBTB16",0.0277218067107446
-2.18216953519917,0.430228940736854,0.00164463931435127,73.0392367443111,0.765187350745537,"7871","SLMAP",0.0374493261614923
1.2918637494216,0.371728518398817,0.00189567651195413,63.0916895785244,0.507225214366505,"79682","CENPU",0.0397903195451203
-1.21987515426783,0.123065499435965,6.85978406033697e-06,22.0325719353365,0.0207605417979767,"79776","ZFHX4",0.00622369188695278
-1.11236860859629,0.0570434145498652,9.543986889664e-05,0,0,"79804","HAND2-AS1",0.0137705589633785
1.20910885441135,0.334161199745049,0.0011288134891735,46.0165852331315,0.442402978396363,"79852","EPHX3",0.0340844133012807
-1.23145176949983,0.641946017923284,0.00205167002235525,85.0380928178045,2.39374370196304,"79901","CYBRD1",0.0410341737949641
-1.06673630062972,0.425387433092531,0.00295710394204384,76.9861792664005,0.976674011884607,"79971","WLS",0.0474847212366886
-1.13812095506371,0.739856427253555,0.00271877161201849,95.805575935607,3.53174763162881,"79974","CPED1",0.0455262483666089
-1.58415332058729,0.400174218585242,0.00315559642967517,69.9502646569228,0.614986714177566,"79987","SVEP1",0.0483665997668629
-1.0735733519811,0.226337231728366,0.00197599128512442,64.7529428242394,0.155930856125615,"80318","GKAP1",0.040397999334463
-1.28341162329776,0.414460924815553,0.00274182272840044,83.9342994666902,0.994738236683531,"8082","SSPN",0.0456366196280867
-1.88891422535995,0.598366600488387,0.00274459179366405,85.4098895824995,2.11353736957337,"81035","COLEC12",0.0456449865601931
1.19405530575615,0.396695747245808,0.00331917953805001,50.1869199683836,0.592695723729514,"8140","SLC7A5",0.0494074470778471
1.46923379787552,0.350559078673504,0.00102930340495807,69.0402613153339,0.524536416747892,"81539","SLC38A1",0.03301439594434
-1.12398933794011,0.244947117646316,0.000205068047384698,75.3505849934817,0.35085294983149,"81563","C1orf21",0.0176498738219137
-1.25668557276416,0.538131642204099,0.00295895358252454,93.0115750351839,1.76472419015992,"8309","ACOX2",0.0474847212366886
-1.04403541987252,0.266584067432096,0.000867979925848127,0,0,"8313","AXIN2",0.0307285805048987
-1.3241216874815,0.461370825593906,0.00121980045362678,85.4426152161907,1.33517301729153,"8324","FZD7",0.0347971404193248
-1.0033757443329,0.193183793411099,0.00126143385888756,77.2478331641507,0.187132365386677,"83478","ARHGAP24",0.0349497105691157
-2.63936316250279,0.538959546356239,0.000384514738238248,83.6221989315154,1.76536295891281,"83700","JAM3",0.0231860084674201
-2.05396472228665,0.652681143434576,0.00305146968761863,82.3179850479096,2.46177824868744,"83716","CRISPLD2",0.0480906148443465
1.25815187455878,0.184785685982718,0.000128801163688778,0,0,"83879","CDCA7",0.0160388671439986
-2.40158240718099,0.484367208351359,0.000202721575901529,50.6854610129518,0.799206157869113,"8404","SPARCL1",0.0176498738219137
-3.68863349024054,0.98659216905463,0.00227589985502965,88.7083742633264,5.74077333301749,"8406","SRPX",0.0427580439181876
-1.95694507696381,0.445863142819834,0.000685372496902238,91.0009456392773,1.22855958370153,"8434","RECK",0.0279987871959657
-1.79797556969094,0.651138938278835,0.0016674072666772,89.6626592804856,2.53201342712571,"8436","CAVIN2",0.0375489916709646
-4.83128092581453,0.60633050250541,0.000358104032780159,90.1804916503421,1.94081488768356,"845","CASQ2",0.0221275920408213
-1.9745417460465,0.56141984273099,0.000767225430507599,80.8924993860103,1.88677442051882,"8470","SORBS2",0.0292718489294304
-1.15180906867203,0.246627490943788,0.00104118107639138,48.1662994995252,0.200090647023414,"84870","RSPO3",0.0331620722671423
-2.64644870195049,0.264837484792297,2.36964867601604e-05,9.44024241655302,0.0656901922192632,"84952","CGNL1",0.00917783160287749
-1.96045818174406,0.230236737864414,0.000117614733599832,44.355574146865,0.125720831013923,"85004","RERG",0.0160388671439986
-1.15731404708073,0.446024656814164,0.000962279556914686,79.8973351760804,1.11545861325294,"8516","ITGA8",0.0319280235193769
-1.24352003704943,0.502315589416214,0.00299550952740587,86.8833975992886,1.47171073843859,"8522","GAS7",0.047813542356246
-2.37280112006551,0.66847606243695,0.00242698796424293,92.3381272788212,2.85575824141839,"85458","DIXDC1",0.0438775023337994
-1.4956679938336,0.385219273002267,0.000696928277681742,53.1969436184243,0.694441730640806,"857","CAV1",0.0283558293182026
-1.52836077765519,0.554824629373313,0.00164561338892357,83.7162649334141,1.75821558846153,"8630","HSD17B6",0.0374493261614923
1.49019812743305,0.476054199710585,0.00174529971560976,76.5290309605302,1.0800163872816,"891","CCNB1",0.0382484616674434
1.13100774046579,0.370521231050854,0.00104313912430664,80.3124670506997,0.82543026436942,"8914","TIMELESS",0.0331620722671423
-1.85896409944246,0.354539511515568,0.00270573114993462,84.0051179338382,0.773982317408265,"89927","BMERB1",0.0455262483666089
-1.0917410546347,0.361922440525544,0.00337921504264855,79.0112891427874,0.604662572801273,"90293","KLHL13",0.049897885351963
-1.20466753978035,0.343031254699765,0.00259390416875364,91.2022431372892,0.689612355442753,"90362","FAM110B",0.0450406755470906
2.00846905778765,0.402517788668,0.000150507137995713,57.6586691267196,0.713172989221894,"9055","PRC1",0.0164374014340114
-1.10240714067114,0.407998725848779,0.00338100874963838,67.970273840173,0.744360277110171,"90865","IL33",0.049897885351963
1.59586888853696,0.458137629938389,0.00145547333234557,43.6055154730885,0.768533153444727,"9118","INA",0.0364446167825785
2.14440570116049,0.606353186855765,0.000553539531991939,83.079895154052,2.19598727216474,"9133","CCNB2",0.0263552864641079
-1.90559036615671,0.038525422021467,7.94169173832558e-07,0,0,"91653","BOC",0.00266576119349795
-1.397047925113,0.300426150067993,0.000235668746475797,70.3349481128228,0.538238402423483,"9200","HACD1",0.0183341098770585
1.1393184164561,0.502669374769621,0.00167836665167663,79.3305566554247,1.40391553205891,"9212","AURKB",0.0376158532893096
1.10017774351269,0.369741241435264,0.00117829512605724,66.4438701375602,0.743406411318419,"9232","PTTG1",0.034359792921002
1.22740287500922,0.519977813263686,0.00164432353983424,76.7789403720644,1.53370309122651,"9319","TRIP13",0.0374493261614923
-2.67784175622379,0.781976172115862,0.00185991709464698,92.7900926074639,3.86892969409784,"9353","SLIT2",0.0394398109612099
-1.50570511137321,0.229470591366063,0.000131054813508902,70.847603292549,0.270007765010451,"9413","ENTREP1",0.0160388671439986
-2.88534879310241,0.494072533681232,0.000611417233117308,72.5585678408902,1.02183203791279,"94274","PPP1R14A",0.0270042611293477
-2.12656360530442,0.662416436467255,0.00184513791419842,78.6438549525006,2.49120160977698,"9452","ITM2A",0.0393062972516872
-1.42596529408306,0.375080743680334,0.0015159358165512,94.1715914759884,0.785786590143081,"9499","MYOT",0.036520271944188
-1.14811147624032,0.262336658573397,0.00082023577911554,78.1421430352386,0.420692051794703,"9764","KIAA0513",0.0301914796526533
2.13756773126625,0.596382695351616,0.000842075551707542,81.1005503967833,2.14146954077736,"9768","PCLAF",0.0305500401147401
1.40889277876499,0.534320664833903,0.00259684867025626,68.2851241367027,1.07877712857929,"9787","DLGAP5",0.0450406755470906
1.66740902482556,0.540081601677898,0.00166105790978228,81.2569791558939,1.5701891129059,"983","CDK1",0.0375489916709646
1.36620694054944,0.364909293785408,0.000580769777630453,53.5279811581952,0.492563105405774,"9833","MELK",0.0264033935022061
-2.57557703695409,0.729186590827712,0.00174293419911457,92.7535685356375,3.55624282344017,"9890","PLPPR4",0.0382430399657805
2.02522688606181,0.674884498838947,0.000640252323535338,77.2520823484816,2.26193082945029,"991","CDC20",0.027671757049776
