"ID","Description","GeneRatio","BgRatio","RichFactor","FoldEnrichment","zScore","pvalue","p.adjust","qvalue","geneID","Count","genes_presentes","n_genes_robustos","Database","category","subcategory"
"GO:0055002","striated muscle cell development","17/305","125/16863",0.136,7.51923934426229,9.92888941281534,1.04589822722366e-10,1.68964858607982e-07,5.11278758203648e-08,"TMOD1/LMOD1/SORBS2/ACTC1/KRT8/MYL9/PDGFRA/CSRP1/MEIS1/FLNC/CCNB1/MYH11/VEGFA/CDK1/TPM1/RGS2/KRT19",17,"TMOD1, LMOD1, SORBS2, ACTC1, KRT8, MYL9, PDGFRA, CSRP1, MEIS1, FLNC, CCNB1, MYH11, VEGFA, CDK1, TPM1, RGS2, KRT19",17,"GO_BP",NA,NA
"hsa04820","Cytoskeleton in muscle cells","21/168","233/8349",0.0901287553648069,4.47907725321888,7.71815824179193,7.0359744256584e-09,1.77306555526592e-06,1.77306555526592e-06,"TMOD1/LMOD1/ENO1/PDLIM3/COL6A2/ACTC1/MYL9/CSRP1/JUP/FLNC/SGCA/TPM2/MYH11/DES/DCN/SSPN/ACTG2/ITGA8/FHL1/TPM1/MYOT",21,"TMOD1, LMOD1, ENO1, PDLIM3, COL6A2, ACTC1, MYL9, CSRP1, JUP, FLNC, SGCA, TPM2, MYH11, DES, DCN, SSPN, ACTG2, ITGA8, FHL1, TPM1, MYOT",21,"KEGG","Cellular Processes","Cell motility"
"GO:0031032","actomyosin structure organization","18/305","190/16863",0.0947368421052632,5.23786022433132,7.97291394995302,1.11796298967301e-08,9.37414672458088e-06,2.83656739990081e-06,"TMOD1/LMOD1/FERMT2/ACTC1/KRT8/MYL9/PDGFRA/CNN1/CSRP1/FLNC/CGNL1/MYH11/EPHA1/FAM171A1/SFRP1/TPM1/KRT19/TGFB3",18,"TMOD1, LMOD1, FERMT2, ACTC1, KRT8, MYL9, PDGFRA, CNN1, CSRP1, FLNC, CGNL1, MYH11, EPHA1, FAM171A1, SFRP1, TPM1, KRT19, TGFB3",18,"GO_BP",NA,NA
"GO:0006936","muscle contraction","25/305","363/16863",0.068870523415978,3.80774962742176,7.339563660407,1.16052574739472e-08,9.37414672458088e-06,2.83656739990081e-06,"TMOD1/LMOD1/ENO1/ACTC1/SMTN/ACTA2/PPP1R12B/MYL9/CNN1/JUP/SLMAP/SGCA/TPM2/MYH11/DES/SSPN/FLNA/BIN1/CRYAB/SYNM/CASQ2/CAV1/TPM1/RGS2/MYOT",25,"TMOD1, LMOD1, ENO1, ACTC1, SMTN, ACTA2, PPP1R12B, MYL9, CNN1, JUP, SLMAP, SGCA, TPM2, MYH11, DES, SSPN, FLNA, BIN1, CRYAB, SYNM, CASQ2, CAV1, TPM1, RGS2, MYOT",25,"GO_BP",NA,NA
"GO:0030239","myofibril assembly","11/305","66/16863",0.166666666666667,9.21475409836066,9.07509536370294,2.51090189012627e-08,1.6225448013996e-05,4.90973506576345e-06,"TMOD1/LMOD1/ACTC1/KRT8/MYL9/PDGFRA/CSRP1/FLNC/MYH11/TPM1/KRT19",11,"TMOD1, LMOD1, ACTC1, KRT8, MYL9, PDGFRA, CSRP1, FLNC, MYH11, TPM1, KRT19",11,"GO_BP",NA,NA
"R-HSA-9924644","Developmental Lineages of the Mammary Gland","9/211","40/11084",0.225,11.8194312796209,9.54918769479585,4.53840790670291e-08,3.24950006119928e-05,2.41131897173444e-05,"KRT18/CD24/EPCAM/KRT14/KRT8/ACTA2/CNN1/MYH11/KRT19",9,"KRT18, CD24, EPCAM, KRT14, KRT8, ACTA2, CNN1, MYH11, KRT19",9,"REACTOME",NA,NA
"R-HSA-9734779","Developmental Cell Lineages of the Integumentary System","11/211","73/11084",0.150684931506849,7.91560085697591,8.2579674829355,1.16079655918645e-07,4.15565168188748e-05,3.08373643690813e-05,"KRT18/CD24/EPCAM/KRT14/KRT8/ACTA2/CNN1/MYH11/TFRC/KRT15/KRT19",11,"KRT18, CD24, EPCAM, KRT14, KRT8, ACTA2, CNN1, MYH11, TFRC, KRT15, KRT19",11,"REACTOME",NA,NA
"GO:0045104","intermediate filament cytoskeleton organization","11/305","88/16863",0.125,6.91106557377049,7.54529756626619,5.25637021980459e-07,0.000188703690890985,5.71007424514426e-05,"KRT18/KRT20/KRT14/DES/NES/KRT15/KRT16/KRT7/SYNM/INA/KRT19",11,"KRT18, KRT20, KRT14, DES, NES, KRT15, KRT16, KRT7, SYNM, INA, KRT19",11,"GO_BP",NA,NA
"GO:0045103","intermediate filament-based process","11/305","89/16863",0.123595505617978,6.8334131515933,7.48858810000423,5.90225415667483e-07,0.000190701831802164,5.77053693615587e-05,"KRT18/KRT20/KRT14/DES/NES/KRT15/KRT16/KRT7/SYNM/INA/KRT19",11,"KRT18, KRT20, KRT14, DES, NES, KRT15, KRT16, KRT7, SYNM, INA, KRT19",11,"GO_BP",NA,NA
"GO:0000070","mitotic sister chromatid segregation","16/305","200/16863",0.08,4.42308196721311,6.60931152248722,7.50993287525866e-07,0.000220587210181461,6.67485273721035e-05,"SMC4/AURKB/PRC1/CCNB1/NCAPG/TRIP13/DLGAP5/FLNA/CDC20/TPX2/CDK1/CENPF/UBE2C/NUSAP1/KIF11/KIF2C",16,"SMC4, AURKB, PRC1, CCNB1, NCAPG, TRIP13, DLGAP5, FLNA, CDC20, TPX2, CDK1, CENPF, UBE2C, NUSAP1, KIF11, KIF2C",16,"GO_BP",NA,NA
"R-HSA-2514853","Condensation of Prometaphase Chromosomes","5/211","11/11084",0.454545454545455,23.877638948729,10.5747496518021,1.00364363020864e-06,0.00023953627974313,0.00017774991995234,"SMC4/CCNB2/CCNB1/NCAPG/CDK1",5,"SMC4, CCNB2, CCNB1, NCAPG, CDK1",5,"REACTOME",NA,NA
"R-HSA-445355","Smooth Muscle Contraction","8/211","45/11084",0.177777777777778,9.33880989994734,7.80801544605453,1.77709093520169e-06,0.000318099277401102,0.000236048256053642,"LMOD1/ACTA2/MYL9/TPM2/MYH11/ALDH2/ACTG2/TPM1",8,"LMOD1, ACTA2, MYL9, TPM2, MYH11, ALDH2, ACTG2, TPM1",8,"REACTOME",NA,NA
"GO:0055013","cardiac muscle cell development","9/305","62/16863",0.145161290322581,8.02575356953993,7.521798838892,1.61087425377355e-06,0.000433727892828528,0.000131243774753279,"SORBS2/ACTC1/PDGFRA/MEIS1/CCNB1/MYH11/VEGFA/CDK1/RGS2",9,"SORBS2, ACTC1, PDGFRA, MEIS1, CCNB1, MYH11, VEGFA, CDK1, RGS2",9,"GO_BP",NA,NA
"GO:0098813","nuclear chromosome segregation","19/305","306/16863",0.0620915032679739,3.43294760527162,5.8291223117379,3.25364721326272e-06,0.000743111611749431,0.00022486165773882,"PTTG1/SMC4/AURKB/PRC1/CCNB1/NCAPG/TRIP13/DLGAP5/FLNA/CDC20/TOP2A/TPX2/CDK1/FANCD2/CENPF/UBE2C/NUSAP1/KIF11/KIF2C",19,"PTTG1, SMC4, AURKB, PRC1, CCNB1, NCAPG, TRIP13, DLGAP5, FLNA, CDC20, TOP2A, TPX2, CDK1, FANCD2, CENPF, UBE2C, NUSAP1, KIF11, KIF2C",19,"GO_BP",NA,NA
"GO:0008015","blood circulation","24/305","459/16863",0.0522875816993464,2.89090324654452,5.57444061170525,3.44991463207721e-06,0.000743111611749431,0.00022486165773882,"PDE2A/TRPC1/SERPING1/FERMT2/ACTC1/RARRES2/SVEP1/AGTR1/P2RX1/JUP/DES/FLNA/BIN1/CXCL12/CELF2/PTGS1/SLIT2/SCNN1B/VEGFA/CASQ2/CPA3/CAV1/TPM1/RGS2",24,"PDE2A, TRPC1, SERPING1, FERMT2, ACTC1, RARRES2, SVEP1, AGTR1, P2RX1, JUP, DES, FLNA, BIN1, CXCL12, CELF2, PTGS1, SLIT2, SCNN1B, VEGFA, CASQ2, CPA3, CAV1, TPM1, RGS2",24,"GO_BP",NA,NA
"R-HSA-9734767","Developmental Cell Lineages","13/211","153/11084",0.0849673202614379,4.46340179041601,6.00916107829259,6.84782660766666e-06,0.000980608770217866,0.00072766902198575,"KRT18/CD24/EPCAM/KRT14/KRT8/ACTA2/CNN1/MYH11/TFRC/AQP1/KRT15/KRT7/KRT19",13,"KRT18, CD24, EPCAM, KRT14, KRT8, ACTA2, CNN1, MYH11, TFRC, AQP1, KRT15, KRT7, KRT19",13,"REACTOME",NA,NA
"GO:0010927","cellular component assembly involved in morphogenesis","11/305","112/16863",0.0982142857142857,5.43012295081967,6.38417737246276,5.86778704476862e-06,0.000997832628507758,0.000301938895106103,"TMOD1/LMOD1/ACTC1/KRT8/MYL9/PDGFRA/CSRP1/FLNC/MYH11/TPM1/KRT19",11,"TMOD1, LMOD1, ACTC1, KRT8, MYL9, PDGFRA, CSRP1, FLNC, MYH11, TPM1, KRT19",11,"GO_BP",NA,NA
"R-HSA-9927426","Developmental Lineage of Mammary Gland Alveolar Cells","5/211","18/11084",0.277777777777778,14.5918904686677,8.03925836010776,1.66919277253457e-05,0.00199190337522459,0.00147810872690621,"KRT18/CD24/EPCAM/KRT8/KRT19",5,"KRT18, CD24, EPCAM, KRT8, KRT19",5,"REACTOME",NA,NA
"GO:1905820","positive regulation of chromosome separation","6/305","31/16863",0.193548387096774,10.7010047593866,7.33719778635458,1.67630221109873e-05,0.00249109886609026,0.000753793389530868,"SMC4/AURKB/NCAPG/DLGAP5/CDC20/UBE2C",6,"SMC4, AURKB, NCAPG, DLGAP5, CDC20, UBE2C",6,"GO_BP",NA,NA
"GO:0007059","chromosome segregation","21/305","410/16863",0.0512195121951219,2.8318512594962,5.09636013586491,1.94336214995228e-05,0.00255981769794714,0.000774587345923011,"PTTG1/SMC4/CENPU/AURKB/PRC1/CCNB1/NCAPG/TRIP13/DLGAP5/FLNA/SRPK1/CDC20/TOP2A/TPX2/CDK1/FANCD2/CENPF/UBE2C/NUSAP1/KIF11/KIF2C",21,"PTTG1, SMC4, CENPU, AURKB, PRC1, CCNB1, NCAPG, TRIP13, DLGAP5, FLNA, SRPK1, CDC20, TOP2A, TPX2, CDK1, FANCD2, CENPF, UBE2C, NUSAP1, KIF11, KIF2C",21,"GO_BP",NA,NA
"GO:2000146","negative regulation of cell motility","17/305","287/16863",0.0592334494773519,3.2749300279888,5.27557310547212,1.9806698374707e-05,0.00255981769794714,0.000774587345923011,"DPYSL3/IGFBP3/IL33/JUP/SFRP2/DCN/CXCL12/PODN/KRT16/SPINT2/SLIT2/EPHA1/APOD/RECK/SFRP1/TPM1/MIF",17,"DPYSL3, IGFBP3, IL33, JUP, SFRP2, DCN, CXCL12, PODN, KRT16, SPINT2, SLIT2, EPHA1, APOD, RECK, SFRP1, TPM1, MIF",17,"GO_BP",NA,NA
"GO:1901342","regulation of vasculature development","17/305","289/16863",0.0588235294117647,3.25226615236258,5.24149875942478,2.16502286618027e-05,0.00269045726178017,0.00081411818950735,"HSPB6/SMOC2/RHOJ/JUP/ADGRA2/FBLN5/SFRP2/DCN/CXCL12/AQP1/PTGIS/VEGFA/EPHA1/RECK/SFRP1/ADGRB3/RRAS",17,"HSPB6, SMOC2, RHOJ, JUP, ADGRA2, FBLN5, SFRP2, DCN, CXCL12, AQP1, PTGIS, VEGFA, EPHA1, RECK, SFRP1, ADGRB3, RRAS",17,"GO_BP",NA,NA
"GO:1902903","regulation of supramolecular fiber organization","19/305","351/16863",0.0541310541310541,2.99282611741628,5.12063296331176,2.2844669136133e-05,0.00273374540662391,0.000827216954021453,"TMOD1/LMOD1/FERMT2/AURKB/CGNL1/MAP1A/FLNA/BIN1/CXCL12/SLIT2/CRYAB/TPX2/BMERB1/EPHA1/SFRP1/TPM1/KANK2/TGFB3/CLIP3",19,"TMOD1, LMOD1, FERMT2, AURKB, CGNL1, MAP1A, FLNA, BIN1, CXCL12, SLIT2, CRYAB, TPX2, BMERB1, EPHA1, SFRP1, TPM1, KANK2, TGFB3, CLIP3",19,"GO_BP",NA,NA
"R-HSA-9927432","Developmental Lineage of Mammary Gland Myoepithelial Cells","5/211","20/11084",0.25,13.1327014218009,7.56504689549643,2.92804294674554e-05,0.00299496964267115,0.0022224425244283,"EPCAM/KRT14/ACTA2/CNN1/MYH11",5,"EPCAM, KRT14, ACTA2, CNN1, MYH11",5,"REACTOME",NA,NA
"R-HSA-397014","Muscle contraction","14/211","205/11084",0.0682926829268293,3.58746965668709,5.208982614268,3.66717649572956e-05,0.00312699366104666,0.00232041206258427,"TMOD1/LMOD1/TRPC1/FXYD6/ACTC1/ACTA2/MYL9/TPM2/MYH11/DES/ALDH2/ACTG2/CASQ2/TPM1",14,"TMOD1, LMOD1, TRPC1, FXYD6, ACTC1, ACTA2, MYL9, TPM2, MYH11, DES, ALDH2, ACTG2, CASQ2, TPM1",14,"REACTOME",NA,NA
"R-HSA-1474244","Extracellular matrix organization","18/211","320/11084",0.05625,2.95485781990521,4.94309003349731,3.93057862422066e-05,0.00312699366104666,0.00232041206258427,"COL6A2/DDR2/ACTC1/A2M/JAM3/ACTA2/MMP1/FBLN5/SGCA/DCN/SSPN/P3H2/ACTG2/MFAP4/ITGA8/JAM2/MMP10/TGFB3",18,"COL6A2, DDR2, ACTC1, A2M, JAM3, ACTA2, MMP1, FBLN5, SGCA, DCN, SSPN, P3H2, ACTG2, MFAP4, ITGA8, JAM2, MMP10, TGFB3",18,"REACTOME",NA,NA
"GO:0040013","negative regulation of locomotion","17/305","296/16863",0.0574324324324324,3.17535445281347,5.12453511664163,2.93651121240792e-05,0.00323988929307795,0.000980373426835122,"DPYSL3/IGFBP3/IL33/JUP/SFRP2/DCN/CXCL12/PODN/KRT16/SPINT2/SLIT2/EPHA1/APOD/RECK/SFRP1/TPM1/MIF",17,"DPYSL3, IGFBP3, IL33, JUP, SFRP2, DCN, CXCL12, PODN, KRT16, SPINT2, SLIT2, EPHA1, APOD, RECK, SFRP1, TPM1, MIF",17,"GO_BP",NA,NA
"GO:0048566","embryonic digestive tract development","5/305","21/16863",0.238095238095238,13.1639344262295,7.56985235848449,3.00468745961808e-05,0.00323988929307795,0.000980373426835122,"RBPMS2/RARRES2/PDGFRA/FOXF1/RARB",5,"RBPMS2, RARRES2, PDGFRA, FOXF1, RARB",5,"GO_BP",NA,NA
"GO:0060537","muscle tissue development","16/305","274/16863",0.0583941605839416,3.22852698336724,5.04758449726618,4.12561151297499e-05,0.00411103094298269,0.00124397629943962,"SORBS2/ACTC1/POPDC1/PDGFRA/CSRP1/MEIS1/CCNB1/MYH11/GJB6/ITGA8/VEGFA/CDK1/CAV1/TPM1/RGS2/FZD7",16,"SORBS2, ACTC1, POPDC1, PDGFRA, CSRP1, MEIS1, CCNB1, MYH11, GJB6, ITGA8, VEGFA, CDK1, CAV1, TPM1, RGS2, FZD7",16,"GO_BP",NA,NA
"GO:0032970","regulation of actin filament-based process","19/305","367/16863",0.0517711171662125,2.8623486845044,4.89559212700308,4.19882454715038e-05,0.00411103094298269,0.00124397629943962,"TMOD1/LMOD1/ABRACL/FERMT2/DIXDC1/ACTA2/PDGFRA/JUP/CGNL1/FLNA/BIN1/CXCL12/SLIT2/EPHA1/CAV1/SFRP1/TPM1/KANK2/TGFB3",19,"TMOD1, LMOD1, ABRACL, FERMT2, DIXDC1, ACTA2, PDGFRA, JUP, CGNL1, FLNA, BIN1, CXCL12, SLIT2, EPHA1, CAV1, SFRP1, TPM1, KANK2, TGFB3",19,"GO_BP",NA,NA
"GO:0051983","regulation of chromosome segregation","11/305","139/16863",0.079136690647482,4.37535086684751,5.42321432462359,4.53705501418561e-05,0.00418834992880963,0.00126737261710286,"SMC4/AURKB/CCNB1/NCAPG/TRIP13/DLGAP5/CDC20/CDK1/CENPF/UBE2C/KIF2C",11,"SMC4, AURKB, CCNB1, NCAPG, TRIP13, DLGAP5, CDC20, CDK1, CENPF, UBE2C, KIF2C",11,"GO_BP",NA,NA
"R-HSA-9927418","Developmental Lineage of Mammary Gland Luminal Epithelial Cells","5/211","24/11084",0.208333333333333,10.9439178515008,6.79329986740733,7.54413187374073e-05,0.00540159842159837,0.00400830174069418,"KRT18/CD24/EPCAM/KRT8/KRT19",5,"KRT18, CD24, EPCAM, KRT8, KRT19",5,"REACTOME",NA,NA
"GO:0072001","renal system development","14/305","229/16863",0.0611353711790393,3.38008447276111,4.92166768811424,7.63112040061256e-05,0.00616403750359479,0.00186520526594859,"CD24/EPCAM/ACTA2/PDGFRA/AGTR1/FOXF1/AQP1/ZBTB16/SLIT2/ITGA8/VEGFA/CENPF/SFRP1/KANK2",14,"CD24, EPCAM, ACTA2, PDGFRA, AGTR1, FOXF1, AQP1, ZBTB16, SLIT2, ITGA8, VEGFA, CENPF, SFRP1, KANK2",14,"GO_BP",NA,NA
"GO:0048729","tissue morphogenesis","19/305","394/16863",0.0482233502538071,2.6661978863277,4.54194214992923,0.000107789716132454,0.00849435543473068,0.00257034719182984,"KRT20/FERMT2/KRT14/ACTC1/ACTA2/FOXF1/SFRP2/FLNA/ACTG2/ARHGAP24/KRT15/KRT16/SLIT2/TIMELESS/ITGA8/WLS/VEGFA/TPM1/KRT19",19,"KRT20, FERMT2, KRT14, ACTC1, ACTA2, FOXF1, SFRP2, FLNA, ACTG2, ARHGAP24, KRT15, KRT16, SLIT2, TIMELESS, ITGA8, WLS, VEGFA, TPM1, KRT19",19,"GO_BP",NA,NA
"GO:0010638","positive regulation of organelle organization","21/305","463/16863",0.0453563714902808,2.507686860461,4.46457624835701,0.000111869174690197,0.00860593579581012,0.00260411082109725,"LMOD1/SMC4/FERMT2/AURKB/NCAPG/SYT11/DCN/DLGAP5/FLNA/GNL3/BIN1/CDC20/NES/CCT2/CDK1/EPHA1/UBE2C/NUSAP1/SFRP1/TPM1/TGFB3",21,"LMOD1, SMC4, FERMT2, AURKB, NCAPG, SYT11, DCN, DLGAP5, FLNA, GNL3, BIN1, CDC20, NES, CCT2, CDK1, EPHA1, UBE2C, NUSAP1, SFRP1, TPM1, TGFB3",21,"GO_BP",NA,NA
"GO:0030261","chromosome condensation","6/305","45/16863",0.133333333333333,7.37180327868853,5.80874036192817,0.000149933609147654,0.0107652331368016,0.0032575028176283,"SMC4/CCNB1/NCAPG/TOP2A/CDK1/NUSAP1",6,"SMC4, CCNB1, NCAPG, TOP2A, CDK1, NUSAP1",6,"GO_BP",NA,NA
"R-HSA-6809371","Formation of the cornified envelope","10/211","129/11084",0.0775193798449612,4.0721554796282,4.88907900961311,0.00017306946020162,0.0112652485003964,0.00835947281696107,"KRT18/KRT20/KRT14/KRT8/JUP/SPRR1A/KRT15/KRT16/KRT7/KRT19",10,"KRT18, KRT20, KRT14, KRT8, JUP, SPRR1A, KRT15, KRT16, KRT7, KRT19",10,"REACTOME",NA,NA
"GO:0042325","regulation of phosphorylation","19/305","408/16863",0.0465686274509804,2.57471070395371,4.37001010117258,0.000169259620691037,0.0118886485750596,0.00359744240918087,"DDR2/IGFBP3/FGFR3/RARRES2/MCM7/CNKSR3/NIBAN1/SFRP2/GAS6/CDKN3/PELI2/FAXDC2/SLIT2/VEGFA/TPX2/SFRP1/FZD7/CLIP3/MIF",19,"DDR2, IGFBP3, FGFR3, RARRES2, MCM7, CNKSR3, NIBAN1, SFRP2, GAS6, CDKN3, PELI2, FAXDC2, SLIT2, VEGFA, TPX2, SFRP1, FZD7, CLIP3, MIF",19,"GO_BP",NA,NA
"GO:0000280","nuclear division","19/305","409/16863",0.0464547677261614,2.56841556775823,4.35800350209926,0.000174644676728662,0.0120058925640491,0.00363291982240825,"PTTG1/SMC4/AURKB/PRC1/CCNB1/NCAPG/TRIP13/DLGAP5/FLNA/CDC20/TOP2A/TPX2/CDK1/FANCD2/CENPF/UBE2C/NUSAP1/KIF11/KIF2C",19,"PTTG1, SMC4, AURKB, PRC1, CCNB1, NCAPG, TRIP13, DLGAP5, FLNA, CDC20, TOP2A, TPX2, CDK1, FANCD2, CENPF, UBE2C, NUSAP1, KIF11, KIF2C",19,"GO_BP",NA,NA
"GO:0070252","actin-mediated cell contraction","9/305","112/16863",0.0803571428571429,4.44282786885246,4.96140265667916,0.000198262279275683,0.0133455296737444,0.00403828695231404,"ACTC1/ACTA2/EPDR1/JUP/FLNA/BIN1/CASQ2/CAV1/TPM1",9,"ACTC1, ACTA2, EPDR1, JUP, FLNA, BIN1, CASQ2, CAV1, TPM1",9,"GO_BP",NA,NA
"GO:0140694","membraneless organelle assembly","19/305","417/16863",0.0455635491606715,2.51914140818493,4.26320885491396,0.000223430120984142,0.0144380544179953,0.00436887918264479,"TMOD1/LMOD1/ACTC1/KRT8/MYL9/PDGFRA/CSRP1/AURKB/FLNC/PRC1/MYH11/DLGAP5/FLNA/SBDS/TPX2/CENPF/TPM1/KIF11/KRT19",19,"TMOD1, LMOD1, ACTC1, KRT8, MYL9, PDGFRA, CSRP1, AURKB, FLNC, PRC1, MYH11, DLGAP5, FLNA, SBDS, TPX2, CENPF, TPM1, KIF11, KRT19",19,"GO_BP",NA,NA
"GO:0070482","response to oxygen levels","15/305","289/16863",0.0519031141868512,2.86964660502581,4.35106230696837,0.000261615439549361,0.0153463503713945,0.00464372475169463,"ENO1/CD24/SLC7A5/UCK2/DDR2/EEF2K/CCNB1/TFRC/CXCL12/AQP1/PTGIS/VEGFA/CAV1/SFRP1/TGFB3",15,"ENO1, CD24, SLC7A5, UCK2, DDR2, EEF2K, CCNB1, TFRC, CXCL12, AQP1, PTGIS, VEGFA, CAV1, SFRP1, TGFB3",15,"GO_BP",NA,NA
"GO:0043116","negative regulation of vascular permeability","4/305","18/16863",0.222222222222222,12.2863387978142,6.50211057549688,0.000262792010774146,0.0153463503713945,0.00464372475169463,"PDE2A/FERMT2/SLIT2/VEGFA",4,"PDE2A, FERMT2, SLIT2, VEGFA",4,"GO_BP",NA,NA
"GO:0030198","extracellular matrix organization","14/305","258/16863",0.0542635658914729,3.00015249714068,4.39393921607467,0.000265984407551251,0.0153463503713945,0.00464372475169463,"DDR2/COLEC12/SPINT1/SMOC2/MMP1/FBLN5/DPT/AXIN2/MYH11/GAS6/MFAP4/MMP10/RECK/FLRT2",14,"DDR2, COLEC12, SPINT1, SMOC2, MMP1, FBLN5, DPT, AXIN2, MYH11, GAS6, MFAP4, MMP10, RECK, FLRT2",14,"GO_BP",NA,NA
"R-HSA-202733","Cell surface interactions at the vascular wall","10/211","136/11084",0.0735294117647059,3.86255924170616,4.6789859746689,0.000266587646475306,0.0159063962396933,0.0118034757046726,"SLC7A5/EPCAM/JAM3/MMP1/TSPAN7/GAS6/GYPC/JAM2/CAV1/MIF",10,"SLC7A5, EPCAM, JAM3, MMP1, TSPAN7, GAS6, GYPC, JAM2, CAV1, MIF",10,"REACTOME",NA,NA
"GO:0031589","cell-substrate adhesion","16/305","325/16863",0.0492307692307692,2.72189659520807,4.25410080782208,0.000297896498974392,0.016041726469771,0.00485414189463872,"HACD1/FERMT2/SVEP1/EPDR1/POPDC1/JUP/FBLN5/TGFB1I1/FLNA/ITGA8/VEGFA/EPHA1/APOD/SFRP1/FZD7/RRAS",16,"HACD1, FERMT2, SVEP1, EPDR1, POPDC1, JUP, FBLN5, TGFB1I1, FLNA, ITGA8, VEGFA, EPHA1, APOD, SFRP1, FZD7, RRAS",16,"GO_BP",NA,NA
"GO:0035265","organ growth","8/305","95/16863",0.0842105263157895,4.65587575496117,4.84968042039932,0.000325018512367612,0.0172153248108157,0.0052092665681256,"SORBS2/DDR2/FGFR3/MEIS1/CCNB1/FBLN5/CDK1/RGS2",8,"SORBS2, DDR2, FGFR3, MEIS1, CCNB1, FBLN5, CDK1, RGS2",8,"GO_BP",NA,NA
"GO:0035633","maintenance of blood-brain barrier","5/305","34/16863",0.147058823529412,8.13066538090646,5.64860080030033,0.000338910999163252,0.0176616361015559,0.00534431801277622,"JAM3/LSR/GJB6/VEGFA/JAM2",5,"JAM3, LSR, GJB6, VEGFA, JAM2",5,"GO_BP",NA,NA
"R-HSA-5625900","RHO GTPases activate CIT","4/211","19/11084",0.210526315789474,11.0591169867797,6.11302470003127,0.000395219347910842,0.0217674656233971,0.0161527317543435,"PPP1R12B/MYL9/PRC1/MYH11",4,"PPP1R12B, MYL9, PRC1, MYH11",4,"REACTOME",NA,NA
"GO:0001954","positive regulation of cell-matrix adhesion","6/305","56/16863",0.107142857142857,5.92377049180328,5.00895624243024,0.000506088270638886,0.0236015996959486,0.00714171969460292,"FERMT2/JUP/VEGFA/EPHA1/SFRP1/RRAS",6,"FERMT2, JUP, VEGFA, EPHA1, SFRP1, RRAS",6,"GO_BP",NA,NA
"GO:0009611","response to wounding","20/305","482/16863",0.04149377593361,2.29412965104415,3.91229527251927,0.000514250640246036,0.0236015996959486,0.00714171969460292,"DPYSL3/SERPING1/UCK2/DDR2/FERMT2/SMOC2/SVEP1/MYL9/PDGFRA/IL33/CSRP1/SYT11/FLNA/ARHGAP24/VEGFA/CDK1/APOD/CAV1/TPM1/FZD7",20,"DPYSL3, SERPING1, UCK2, DDR2, FERMT2, SMOC2, SVEP1, MYL9, PDGFRA, IL33, CSRP1, SYT11, FLNA, ARHGAP24, VEGFA, CDK1, APOD, CAV1, TPM1, FZD7",20,"GO_BP",NA,NA
"GO:0090263","positive regulation of canonical Wnt signaling pathway","8/305","102/16863",0.0784313725490196,4.33635486981678,4.58693814629291,0.000525940940299691,0.0236015996959486,0.00714171969460292,"RSPO3/JUP/ADGRA2/SFRP2/WLS/CDH3/RECK/SFRP1",8,"RSPO3, JUP, ADGRA2, SFRP2, WLS, CDH3, RECK, SFRP1",8,"GO_BP",NA,NA
"GO:0031401","positive regulation of protein modification process","16/305","344/16863",0.0465116279069767,2.57155928326344,3.99685723737549,0.000555495832322596,0.0245863977292371,0.0074397143898841,"FANCI/DDR2/FGFR3/RARRES2/NIBAN1/GAS6/GNL3/CDC20/PELI2/FAXDC2/DCUN1D4/VEGFA/TPX2/UBE2C/CAV1/CLIP3",16,"FANCI, DDR2, FGFR3, RARRES2, NIBAN1, GAS6, GNL3, CDC20, PELI2, FAXDC2, DCUN1D4, VEGFA, TPX2, UBE2C, CAV1, CLIP3",16,"GO_BP",NA,NA
"GO:0048146","positive regulation of fibroblast proliferation","5/305","38/16863",0.131578947368421,7.27480586712683,5.25551256618199,0.00057631416368398,0.0251100904939543,0.00759818106078284,"DDR2/PDGFRA/GAS6/AQP1/MIF",5,"DDR2, PDGFRA, GAS6, AQP1, MIF",5,"GO_BP",NA,NA
"GO:1902850","microtubule cytoskeleton organization involved in mitosis","10/305","158/16863",0.0632911392405063,3.49927370823822,4.28370590573892,0.000612510874868043,0.025701592684398,0.00777716650657099,"AURKB/PRC1/CCNB1/DLGAP5/FLNA/SBDS/TPX2/CDK1/NUSAP1/KIF11",10,"AURKB, PRC1, CCNB1, DLGAP5, FLNA, SBDS, TPX2, CDK1, NUSAP1, KIF11",10,"GO_BP",NA,NA
"GO:0060856","establishment of blood-brain barrier","3/305","10/16863",0.3,16.5865573770492,6.69132486147289,0.000639823268116758,0.0261679617631044,0.00791828733216158,"ADGRA2/LSR/RECK",3,"ADGRA2, LSR, RECK",3,"GO_BP",NA,NA
"R-HSA-9913351","Formation of the dystrophin-glycoprotein complex (DGC)","5/211","36/11084",0.138888888888889,7.29594523433386,5.27066677015984,0.00055579608043292,0.0264249509424963,0.0196088580811648,"ACTC1/ACTA2/SGCA/SSPN/ACTG2",5,"ACTC1, ACTA2, SGCA, SSPN, ACTG2",5,"REACTOME",NA,NA
"R-HSA-390522","Striated Muscle Contraction","5/211","36/11084",0.138888888888889,7.29594523433386,5.27066677015984,0.00055579608043292,0.0264249509424963,0.0196088580811648,"TMOD1/ACTC1/TPM2/DES/TPM1",5,"TMOD1, ACTC1, TPM2, DES, TPM1",5,"REACTOME",NA,NA
"R-HSA-9013409","RHOJ GTPase cycle","6/211","55/11084",0.109090909090909,5.73063334769496,4.89922929140425,0.000590501697039023,0.0264249509424963,0.0196088580811648,"CPNE8/RHOJ/JUP/FNBP1/TFRC/CAV1",6,"CPNE8, RHOJ, JUP, FNBP1, TFRC, CAV1",6,"REACTOME",NA,NA
"GO:0006937","regulation of muscle contraction","10/305","161/16863",0.062111801242236,3.43406985032074,4.2117468367644,0.000708999380409785,0.0272711547393335,0.00825210771327058,"ENO1/PPP1R12B/MYL9/CNN1/JUP/BIN1/CASQ2/CAV1/TPM1/RGS2",10,"ENO1, PPP1R12B, MYL9, CNN1, JUP, BIN1, CASQ2, CAV1, TPM1, RGS2",10,"GO_BP",NA,NA
"GO:0071453","cellular response to oxygen levels","10/305","161/16863",0.062111801242236,3.43406985032074,4.2117468367644,0.000708999380409785,0.0272711547393335,0.00825210771327058,"ENO1/UCK2/DDR2/EEF2K/CCNB1/AQP1/PTGIS/VEGFA/CAV1/SFRP1",10,"ENO1, UCK2, DDR2, EEF2K, CCNB1, AQP1, PTGIS, VEGFA, CAV1, SFRP1",10,"GO_BP",NA,NA
"GO:0032233","positive regulation of actin filament bundle assembly","6/305","61/16863",0.0983606557377049,5.43821553345875,4.71295550316315,0.000802612584829254,0.0292711816312945,0.00885730531123277,"FERMT2/FLNA/EPHA1/SFRP1/TPM1/TGFB3",6,"FERMT2, FLNA, EPHA1, SFRP1, TPM1, TGFB3",6,"GO_BP",NA,NA
"GO:0040008","regulation of growth","19/305","463/16863",0.041036717062635,2.26885954041709,3.75735858367513,0.000806293768240548,0.0292711816312945,0.00885730531123277,"ENO1/CPNE8/FGFR3/RERG/GHR/AGTR1/JUP/CCNB1/SFRP2/CXCL12/SLIT2/CRYAB/WFDC1/S100A9/VEGFA/CDK1/FHL1/SFRP1/RGS2",19,"ENO1, CPNE8, FGFR3, RERG, GHR, AGTR1, JUP, CCNB1, SFRP2, CXCL12, SLIT2, CRYAB, WFDC1, S100A9, VEGFA, CDK1, FHL1, SFRP1, RGS2",19,"GO_BP",NA,NA
"GO:0048251","elastic fiber assembly","3/305","11/16863",0.272727272727273,15.0786885245902,6.33918375806864,0.000868010120058064,0.0308191285484352,0.00932570589114097,"FBLN5/MYH11/MFAP4",3,"FBLN5, MYH11, MFAP4",3,"GO_BP",NA,NA
"GO:0048144","fibroblast proliferation","6/305","63/16863",0.0952380952380952,5.2655737704918,4.60355794625372,0.00095299474245932,0.0331088818589899,0.0100185731765978,"DDR2/PDGFRA/GAS6/AQP1/SFRP1/MIF",6,"DDR2, PDGFRA, GAS6, AQP1, SFRP1, MIF",6,"GO_BP",NA,NA
"R-HSA-114608","Platelet degranulation","9/211","129/11084",0.0697674418604651,3.66493993166538,4.24102945576238,0.000789100852918026,0.0332350712170181,0.0246623653618162,"SERPINA3/SERPING1/A2M/RARRES2/CFD/GAS6/FLNA/VEGFA/TGFB3",9,"SERPINA3, SERPING1, A2M, RARRES2, CFD, GAS6, FLNA, VEGFA, TGFB3",9,"REACTOME",NA,NA
"R-HSA-5627123","RHO GTPases activate PAKs","4/211","23/11084",0.173913043478261,9.13579229342675,5.44078763230501,0.000850616016971525,0.0338356148973118,0.0251080038730871,"PPP1R12B/MYL9/MYH11/FLNA",4,"PPP1R12B, MYL9, MYH11, FLNA",4,"REACTOME",NA,NA
"GO:0000302","response to reactive oxygen species","10/305","169/16863",0.0591715976331361,3.27151033077893,4.02789728449469,0.00102910173134515,0.0350002915155389,0.0105909037715048,"DDR2/PDGFRA/MAPK13/FBLN5/SOD3/AQP1/CRYAB/CDK1/APOD/TPM1",10,"DDR2, PDGFRA, MAPK13, FBLN5, SOD3, AQP1, CRYAB, CDK1, APOD, TPM1",10,"GO_BP",NA,NA
"GO:0001932","regulation of protein phosphorylation","16/305","366/16863",0.0437158469945355,2.41698468153722,3.71966419098424,0.00107304889389302,0.0357751000422473,0.0108253567486769,"DDR2/IGFBP3/FGFR3/RARRES2/CNKSR3/NIBAN1/SFRP2/GAS6/CDKN3/PELI2/FAXDC2/SLIT2/VEGFA/TPX2/SFRP1/CLIP3",16,"DDR2, IGFBP3, FGFR3, RARRES2, CNKSR3, NIBAN1, SFRP2, GAS6, CDKN3, PELI2, FAXDC2, SLIT2, VEGFA, TPX2, SFRP1, CLIP3",16,"GO_BP",NA,NA
"GO:1901879","regulation of protein depolymerization","7/305","88/16863",0.0795454545454545,4.39795081967213,4.33738210649053,0.00107402807307273,0.0357751000422473,0.0108253567486769,"TMOD1/LMOD1/AURKB/MAP1A/NES/TPX2/BMERB1",7,"TMOD1, LMOD1, AURKB, MAP1A, NES, TPX2, BMERB1",7,"GO_BP",NA,NA
"GO:0051231","spindle elongation","3/305","12/16863",0.25,13.822131147541,6.03029448878178,0.00114190716093626,0.036731645764366,0.0111148024434793,"AURKB/PRC1/KIF11",3,"AURKB, PRC1, KIF11",3,"GO_BP",NA,NA
"GO:0098911","regulation of ventricular cardiac muscle cell action potential","3/305","12/16863",0.25,13.822131147541,6.03029448878178,0.00114190716093626,0.036731645764366,0.0111148024434793,"JUP/BIN1/CAV1",3,"JUP, BIN1, CAV1",3,"GO_BP",NA,NA
"R-HSA-174048","APC/C:Cdc20 mediated degradation of Cyclin B","4/211","24/11084",0.166666666666667,8.75513428120063,5.29800763350585,0.00100565095661835,0.0370652438831871,0.0275045773455093,"CCNB1/CDC20/CDK1/UBE2C",4,"CCNB1, CDC20, CDK1, UBE2C",4,"REACTOME",NA,NA
"R-HSA-76005","Response to elevated platelet cytosolic Ca2+","9/211","134/11084",0.0671641791044776,3.52818844167787,4.10156861591648,0.00103534200791026,0.0370652438831871,0.0275045773455093,"SERPINA3/SERPING1/A2M/RARRES2/CFD/GAS6/FLNA/VEGFA/TGFB3",9,"SERPINA3, SERPING1, A2M, RARRES2, CFD, GAS6, FLNA, VEGFA, TGFB3",9,"REACTOME",NA,NA
"GO:0007019","microtubule depolymerization","5/305","45/16863",0.111111111111111,6.1431693989071,4.68867828603375,0.00126542675690096,0.0389389890623523,0.0117827328934091,"AURKB/MAP1A/TPX2/BMERB1/KIF2C",5,"AURKB, MAP1A, TPX2, BMERB1, KIF2C",5,"GO_BP",NA,NA
"GO:0048662","negative regulation of smooth muscle cell proliferation","5/305","45/16863",0.111111111111111,6.1431693989071,4.68867828603375,0.00126542675690096,0.0389389890623523,0.0117827328934091,"IGFBP3/CNN1/APOD/TPM1/TGFB3",5,"IGFBP3, CNN1, APOD, TPM1, TGFB3",5,"GO_BP",NA,NA
"GO:0016055","Wnt signaling pathway","17/305","413/16863",0.0411622276029056,2.27579883300917,3.56266344981358,0.00145371926351541,0.0430914398203514,0.0130392426106027,"RSPO3/CD24/FERMT2/DIXDC1/ROR1/JUP/ADGRA2/AXIN2/TGFB1I1/SFRP2/PRICKLE2/WLS/CDH3/CAV1/RECK/SFRP1/FZD7",17,"RSPO3, CD24, FERMT2, DIXDC1, ROR1, JUP, ADGRA2, AXIN2, TGFB1I1, SFRP2, PRICKLE2, WLS, CDH3, CAV1, RECK, SFRP1, FZD7",17,"GO_BP",NA,NA
"hsa05150","Staphylococcus aureus infection","8/168","89/8349",0.0898876404494382,4.46709470304976,4.71208752712401,0.000402245344653169,0.0441163470498631,0.0441163470498631,"KRT18/KRT20/KRT14/CFD/KRT15/KRT16/C1S/KRT19",8,"KRT18, KRT20, KRT14, CFD, KRT15, KRT16, C1S, KRT19",8,"KEGG","Human Diseases","Infectious disease: bacterial"
"hsa05410","Hypertrophic cardiomyopathy","8/168","99/8349",0.0808080808080808,4.01587301587302,4.3255998275364,0.000822738625362763,0.0441163470498631,0.0441163470498631,"ACTC1/SGCA/TPM2/DES/SSPN/ITGA8/TPM1/TGFB3",8,"ACTC1, SGCA, TPM2, DES, SSPN, ITGA8, TPM1, TGFB3",8,"KEGG","Human Diseases","Cardiovascular disease"
"hsa04382","Cornified envelope formation","12/168","211/8349",0.0568720379146919,2.82633716993907,3.85040140961125,0.00110123181359657,0.0441163470498631,0.0441163470498631,"KRT18/KRT20/KRT14/KRT8/JUP/SPRR1A/KRT15/KRT16/KRT7/S100A9/EPHX3/KRT19",12,"KRT18, KRT20, KRT14, KRT8, JUP, SPRR1A, KRT15, KRT16, KRT7, S100A9, EPHX3, KRT19",12,"KEGG","Organismal Systems","Development and regeneration"
"hsa05414","Dilated cardiomyopathy","8/168","104/8349",0.0769230769230769,3.8228021978022,4.15092084027121,0.00113716732785291,0.0441163470498631,0.0441163470498631,"ACTC1/SGCA/TPM2/DES/SSPN/ITGA8/TPM1/TGFB3",8,"ACTC1, SGCA, TPM2, DES, SSPN, ITGA8, TPM1, TGFB3",8,"KEGG","Human Diseases","Cardiovascular disease"
"hsa04519","Cadherin signaling","18/168","403/8349",0.0446650124069479,2.21969159872386,3.59642443603342,0.0012042000790856,0.0441163470498631,0.0441163470498631,"KRT18/KRT20/KRT14/KRT8/PDGFRA/JUP/MAPK13/AXIN2/DES/KRT15/KRT16/KRT7/PRICKLE2/PCDH18/CDH3/KRT19/FZD7/RRAS",18,"KRT18, KRT20, KRT14, KRT8, PDGFRA, JUP, MAPK13, AXIN2, DES, KRT15, KRT16, KRT7, PRICKLE2, PCDH18, CDH3, KRT19, FZD7, RRAS",18,"KEGG","Environmental Information Processing","Signaling molecules and interaction"
"hsa04110","Cell cycle","10/168","157/8349",0.0636942675159236,3.16537761601456,3.92492319074374,0.00122545408471842,0.0441163470498631,0.0441163470498631,"PTTG1/MCM4/MCM7/AURKB/CCNB2/CCNB1/TRIP13/CDC20/CDK1/TGFB3",10,"PTTG1, MCM4, MCM7, AURKB, CCNB2, CCNB1, TRIP13, CDC20, CDK1, TGFB3",10,"KEGG","Cellular Processes","Cell growth and death"
"GO:0007088","regulation of mitotic nuclear division","8/305","120/16863",0.0666666666666667,3.68590163934426,4.00741769695277,0.00152463942504327,0.044393268603307,0.0134331691400756,"AURKB/CCNB1/TRIP13/DLGAP5/CDC20/CENPF/UBE2C/NUSAP1",8,"AURKB, CCNB1, TRIP13, DLGAP5, CDC20, CENPF, UBE2C, NUSAP1",8,"GO_BP",NA,NA
"GO:1902230","negative regulation of intrinsic apoptotic signaling pathway in response to DNA damage","4/305","28/16863",0.142857142857143,7.89836065573771,4.95814101557141,0.00152511693437545,0.044393268603307,0.0134331691400756,"DDIAS/SFRP2/CXCL12/MIF",4,"DDIAS, SFRP2, CXCL12, MIF",4,"GO_BP",NA,NA
"GO:1903522","regulation of blood circulation","12/305","242/16863",0.0495867768595041,2.74157973174367,3.70359076988228,0.00156762349404173,0.0448943245339187,0.0135847860242634,"TRPC1/SVEP1/AGTR1/JUP/DES/FLNA/BIN1/CELF2/CASQ2/CAV1/TPM1/RGS2",12,"TRPC1, SVEP1, AGTR1, JUP, DES, FLNA, BIN1, CELF2, CASQ2, CAV1, TPM1, RGS2",12,"GO_BP",NA,NA
"GO:0016049","cell growth","17/305","416/16863",0.0408653846153846,2.2593868221942,3.52990475118744,0.00157012029474863,0.0448943245339187,0.0135847860242634,"SORBS2/ENO1/CPNE8/RERG/AGTR1/JUP/MEIS1/SFRP2/CXCL12/SLIT2/CRYAB/WFDC1/S100A9/VEGFA/FHL1/SFRP1/RGS2",17,"SORBS2, ENO1, CPNE8, RERG, AGTR1, JUP, MEIS1, SFRP2, CXCL12, SLIT2, CRYAB, WFDC1, S100A9, VEGFA, FHL1, SFRP1, RGS2",17,"GO_BP",NA,NA
"hsa00380","Tryptophan metabolism","5/168","42/8349",0.119047619047619,5.91624149659864,4.5769736580879,0.00144778717096915,0.0456052958855284,0.0456052958855284,"MAOB/AOX1/ALDH1B1/ALDH2/INMT",5,"MAOB, AOX1, ALDH1B1, ALDH2, INMT",5,"KEGG","Metabolism","Amino acid metabolism"
"GO:0030308","negative regulation of cell growth","9/305","150/16863",0.06,3.31731147540984,3.86904123436148,0.00165046778335366,0.0467777316492602,0.014154695092372,"ENO1/RERG/SFRP2/SLIT2/CRYAB/WFDC1/FHL1/SFRP1/RGS2",9,"ENO1, RERG, SFRP2, SLIT2, CRYAB, WFDC1, FHL1, SFRP1, RGS2",9,"GO_BP",NA,NA
