"","Entrez","Gene_Symbol","LogFC","adjusted_p.value","I2","PPI_degree","significance_score","logFC_val","FDR_val","auc","biomarker_score"
"1","1164","CKS2",1.75541662098541,0.00980460070062476,7.47904973228673,7,0.428571428571429,3.8674976558049,1.85448692335088e-22,0.987232574189096,79.5857598442601
"2","2706","GJB2",2.42829792686064,0.00659485897022857,0,1,0.36734693877551,5.42295276688225,3.3489028152235e-06,0.976075454336324,78.0736808091398
"3","51599","LSR",1.40057960218655,0.00905436178306615,18.8698948699721,0,0.714285714285714,3.76299285081626,2.321268553052e-23,0.968599033816425,76.8737619873523
"4","6472","SHMT2",1.20605299748783,0.00788781380451059,0.00219633479193617,6,0.714285714285714,1.69009091333125,5.94882329784478e-24,0.951345755693582,75.9146927539421
"5","5531","PPP4C",1.10982545521384,0.00788781380451059,0.00222709668895564,2,0.489795918367347,1.72185860042069,2.41453877797799e-31,0.991718426501035,74.3669418040774
"6","3014","H2AX",1.16882100629144,0.00955461917485702,0,5,0.489795918367347,2.5292470877877,1.86078355416478e-23,0.990338164251208,74.2031759677043
"7","7298","TYMS",1.78291000333619,0.00905436178306615,14.5478965569107,13,0.571428571428571,2.3323880668748,3.04282527928375e-12,0.980446284794111,73.8680664154724
"8","29089","UBE2T",1.4748458540023,0.0160388671439986,10.9869921355281,7,0.244897959183673,3.68891657009284,3.12969146628991e-25,0.99850471589602,70.9411220096636
"9","3868","KRT16",1.50659392898106,0.0137705589633785,0,5,0.428571428571429,5.55402184924042,0.00219196431979448,0.92914653784219,69.7945439528662
"10","1163","CKS1B",1.17900073735881,0.00905436178306615,0,7,0.428571428571429,2.1490728281808,2.06650520082833e-13,0.978260869565217,68.9507119240334
"11","10051","SMC4",1.24973575871497,0.00980460070062476,15.0258185358967,8,0.571428571428571,1.60751611235049,8.61864957248108e-16,0.971129514607776,67.9205463147247
"12","10606","PAICS",1.19818525585832,0.00659485897022857,0.138032094144187,4,0.428571428571429,1.40011259533708,1.59526308133371e-17,0.933977455716586,66.5207697517801
"13","220042","DDIAS",1.11375293718484,0.0165640231928715,2.79118874652343,0,0.244897959183673,3.38571705059896,1.57228621629745e-22,0.993673798021624,65.361846978736
"14","154467","CCDC167",1.06614020499133,0.00101683908138234,0,0,0.244897959183673,2.0603373473991,3.14079613976205e-17,0.942949160340465,63.421241961796
"15","4282","MIF",1.22984048319416,0.00980460070062476,15.7344083260997,2,0.714285714285714,1.42200232409534,1.87202842273241e-11,0.908442604094778,62.3522469152449
"16","166336","PRICKLE2",-2.67840199478367,0.00406983949095329,0,0,0.489795918367347,-2.91169055455089,2.95016849410125e-36,0.984702093397746,61.5892560802991
"17","3856","KRT8",1.62997815675182,0.0201160324828824,41.9327007554648,11,0.428571428571429,3.31809542512066,4.91609781198454e-21,0.924085576259489,61.5667973459858
"18","91653","BOC",-1.90559036615671,0.00266576119349795,0,0,0.408163265306122,-3.84630373613832,2.76478580060384e-49,0.979641131815045,60.1840075001465
"19","7371","UCK2",1.12009692946816,0.00958540429097121,0.000217290688231134,2,0.571428571428571,1.28121566397694,6.65368966387474e-10,0.889118932597193,60.0593742262448
"20","316","AOX1",-1.3280265501777,0.00962562528899666,0,0,0.489795918367347,-6.89935329109008,5.42185690123582e-92,0.996319300667127,59.5816524972909
"21","7037","TFRC",1.2564326894368,0.0179474087335903,0.000939481436896768,6,0.428571428571429,1.74234991437622,1.45554635381573e-11,0.913388543823326,59.2689241162982
"22","4830","NME1",1.03133577707446,0.0188559444075176,47.75832357874,3,0.428571428571429,2.55385713363908,2.65167359982347e-37,0.941338854382333,58.8701145260434
"23","100133941","CD24",2.31418270896932,0.037043999660855,47.4435894462689,7,0.306122448979592,4.27872485370992,2.00934781602273e-17,0.948815274902231,58.5449621290713
"24","54474","KRT20",2.34039004665533,0.00524354655899506,0,6,0.428571428571429,3.19760491381119,0.0731556423474878,0.687025534851622,58.4130264159299
"25","4072","EPCAM",1.54072684888184,0.03309314207934,46.4020507804234,8,0.428571428571429,4.71445904926329,2.02046288424578e-09,0.945479641131815,58.0910042222435
"26","3832","KIF11",1.17760498444054,0.0370035980700566,37.0066908766862,7,0.285714285714286,3.88007636768011,4.71305028302497e-20,0.998044628479411,57.7097741502226
"27","2194","FASN",1.31439203591709,0.0108622446061826,0,2,0.714285714285714,1.11474938952282,5.03399059184236e-07,0.811479181044398,57.3743827572152
"28","4312","MMP1",1.78124487749686,0.0480906148443465,22.222754292907,6,0.142857142857143,5.88124659797225,8.7349874207117e-06,0.94973544973545,57.271813991413
"29","1001","CDH3",1.08124840180692,0.0374493261614923,20.6143317909715,5,0.428571428571429,4.99169576824406,4.48573233407063e-06,0.929606625258799,56.7927914459337
"30","57616","TSHZ3",-1.98398243182389,0.00980460070062476,7.20533939966893,1,0.489795918367347,-3.16283517259031,1.07678475441458e-36,0.970899470899471,56.6315145846953
"31","6732","SRPK1",1.03021891160011,0.0110810508915052,0.000934380862221234,0,0.285714285714286,1.13428519439182,3.61515836921512e-14,0.945019553715206,56.6164163943633
"32","285195","SLC9A9",-2.03601486931076,0.005691476931096,9.90069893169213,0,0.489795918367347,-2.53358401274532,2.93542610142416e-32,0.949620427881297,56.0093118381058
"33","3861","KRT14",1.15039845007319,0.0307285805048987,0,10,0,5.54267024850219,0.00796572152885267,0.912353347135956,55.716409475905
"34","5985","RFC5",1.05645751914663,0.0164374014340114,30.5132043475052,2,0.285714285714286,1.3925216885785,2.65749410864264e-19,0.991373360938578,54.0649066505716
"35","113452","TMEM54",1.1637510631852,0.0239167741654037,0.000449278834029547,0,0.36734693877551,1.61715859290721,6.04252777753296e-11,0.926501035196687,53.6147526191865
"36","552900","BOLA2",1.17219501405757,0.0263850647393229,32.0104027662161,0,0.36734693877551,1.9077560543604,1.55567444742879e-19,0.98343685300207,53.5890668847573
"37","342897","NCCRP1",1.73707758348723,0.0164374014340114,0,0,0.102040816326531,4.00628665684177,0.000933526712029531,0.835518748562227,53.5563853778387
"38","84952","CGNL1",-2.64644870195049,0.00917783160287749,9.44024241655302,0,0.36734693877551,-3.03642570376849,6.25493402263888e-36,0.959627329192547,52.8426594592065
"39","5226","PGD",1.1981020659311,0.0245269591258414,33.8823456753806,2,0.571428571428571,1.59976200341589,9.48417579287087e-12,0.946629859673338,52.8382920779281
"40","1033","CDKN3",1.10577079435262,0.0302384250959163,47.4953101495242,7,0.285714285714286,3.48146691645709,1.11708902597355e-16,0.970669427191166,52.5993044126939
"41","83879","CDCA7",1.25815187455878,0.0160388671439986,0,5,0.122448979591837,2.12016156829745,1.99801269830615e-06,0.904991948470209,52.3629934826451
"42","59","ACTA2",-2.39558050575482,0.00788781380451059,12.6362105773562,8,0.571428571428571,-3.69034392985017,1.26039685348745e-13,0.957441913963653,52.355587856433
"43","79804","HAND2-AS1",-1.11236860859629,0.0137705589633785,0,0,0.163265306122449,-6.82189914557595,3.57074839722105e-91,0.997124453646193,50.994389864634
"44","4319","MMP10",1.03002095796797,0.034359792921002,0,2,0,4.85082232462893,1.11499144374883e-06,0.887278582930757,50.9532923040953
"45","3486","IGFBP3",1.89964958786097,0.0277218067107446,39.5498074609738,4,0.714285714285714,1.94541186714642,2.89059015350814e-06,0.81354957441914,50.3717102049513
"46","222166","MTURN",-1.78814974809539,0.012027820636061,11.6057899007773,0,0.36734693877551,-2.29794511610197,9.39107992473961e-31,0.978835978835979,50.1459033948315
"47","79776","ZFHX4",-1.21987515426783,0.00622369188695278,22.0325719353365,0,0.428571428571429,-3.50208605134287,2.68338267418271e-26,0.941108810674028,49.3621031920912
"48","10804","GJB6",1.76121307834853,0.0436241102038061,47.8197834224885,1,0.244897959183673,5.17149085577174,0.000136102807229964,0.914308718656545,49.3226458070925
"49","492311","IGIP",-1.05270475242387,0.0160388671439986,9.2833362897178,0,0.244897959183673,-1.667001065866,5.30129034788271e-36,0.973544973544973,47.9412210044318
"50","57659","ZBTB4",-1.12291728907636,0.0102385644373694,0,0,0.36734693877551,-1.20976441444328,3.42011748219565e-18,0.929721647112951,46.2695149105123
"51","1634","DCN",-2.3158218093878,0.0173008853289313,30.2246218376132,7,0.714285714285714,-3.66833672970101,5.33166955928034e-11,0.967908902691511,46.0472608095546
"52","57631","LRCH2",-1.69239465293901,0.0213145300663275,20.1022388998641,0,0.36734693877551,-3.25670490888167,3.63765342856809e-36,0.959167241775937,45.5177250633606
"53","3866","KRT15",1.11876430604086,0.0108622446061826,0,5,0.142857142857143,2.60141325985421,0.0134972011601461,0.758224062571889,45.1337181754504
"54","58527","ABRACL",1.01441738139484,0.0480906148443465,41.0812012128198,0,0.102040816326531,2.48044567094037,2.73356779310969e-20,0.984702093397746,44.3848212559872
"55","72","ACTG2",-3.72784654325588,0.00980460070062476,40.6894388684053,3,0.571428571428571,-5.53452153015809,8.91742944396453e-15,0.956636760984587,43.6260729825615
"56","6876","TAGLN",-2.89810124092156,0.00980460070062476,38.3553569268839,5,0.571428571428571,-3.84198662541769,3.62709802522305e-12,0.942834138486312,43.1303503341027
"57","122525","DORIP1",-1.18467270251652,0.0210205367185099,31.1466014460808,0,0.244897959183673,-1.73080661671847,3.00236110889242e-46,0.984587071543593,42.9810473841792
"58","85004","RERG",-1.96045818174406,0.0160388671439986,44.355574146865,0,0.36734693877551,-3.20947431201561,5.75534967857888e-38,0.961467678858983,42.8563492445213
"59","59353","TMEM35A",-1.14226027016888,0.00973572205048104,5.20494662595925,0,0.285714285714286,-3.98723978120033,9.39900234394779e-21,0.892684610075914,42.4978345543933
"60","8313","AXIN2",-1.04403541987252,0.0307285805048987,0,4,0.36734693877551,-2.56269250639164,1.93538455880691e-21,0.927421210029906,42.0240540980481
"61","6698","SPRR1A",1.24761640356155,0.038431910665828,0,2,0,3.54086842192805,0.00101753186440545,0.791120312859443,41.4298990088025
"62","2","A2M",-1.80802917895841,0.0177876382981307,41.4597189344736,4,0.714285714285714,-2.48777840554549,5.8733423618762e-12,0.939728548424201,41.006430266018
"63","3557","IL1RN",1.06513601535212,0.0264033935022061,35.3755413498061,2,0.285714285714286,2.66789184672173,2.9197559639201e-05,0.859673337934208,40.8718682036408
"64","139818","DOCK11",-1.26909002876283,0.0239953372273492,0,1,0.244897959183673,-2.18322176399799,3.39252980131023e-20,0.9170692431562,38.9525595885832
"65","6280","S100A9",2.29245796287017,0.0264033935022061,40.1004436835179,2,0.142857142857143,2.80747149019446,0.00032820139459961,0.77938808373591,38.1770788659317
"66","619208","FAM229B",-1.94646625784917,0.00622369188695278,3.35030561118144,0,0.204081632653061,-1.23313721644818,1.36336356269138e-09,0.858408097538532,38.1151939229509
"67","10576","CCT2",1.02956676265862,0.0307285805048987,38.0635325329942,3,0.285714285714286,1.1549986204407,4.43039079824496e-08,0.885323211410168,37.8737390972629
"68","9118","INA",1.59586888853696,0.0364446167825785,43.6055154730885,1,0.285714285714286,3.37829753799885,0.00259288739852801,0.786519438693352,37.6139476642085
"69","152503","SH3D19",-1.06768769617244,0.0213829615157812,0,1,0.244897959183673,-0.936675585898548,9.87573267148014e-13,0.919254658385093,37.2435207129858
"70","114928","GPRASP2",-1.08043476972597,0.017574681627962,27.4050882241111,0,0.36734693877551,-1.40737862725461,2.73608763378306e-18,0.923165401426271,36.868217888541
"71","64094","SMOC2",-3.33640253093457,0.0176498738219137,46.717013799463,0,0.489795918367347,-3.3445844524368,3.99914012176663e-22,0.927881297446515,36.798652362004
"72","140606","SELENOM",-2.16825339585828,0.024460570265238,24.275349920938,0,0.489795918367347,-2.53730771456218,1.53061404533449e-14,0.923855532551185,36.6672047015778
"73","154043","CNKSR3",-1.19005256685004,0.0117105614404478,0,0,0.244897959183673,-1.37161679121496,1.36161238088138e-09,0.859903381642512,35.8467469168
"74","152926","PPM1K",-1.16754841391078,0.0301547999689745,43.5857796026106,0,0.36734693877551,-1.96506827067565,1.16124569242538e-28,0.953646192776628,35.5876705157968
"75","55529","PIP4P2",-1.27377763380065,0.0245269591258414,29.1197057214206,0,0.244897959183673,-1.57503217053585,5.6991167460764e-20,0.92661605705084,32.8582466453144
"76","10194","TSHZ1",-1.03736573856557,0.0267303285702988,40.6584098078568,2,0.489795918367347,-1.24763313747439,1.61602131652129e-14,0.91005291005291,32.5958575765048
"77","54510","PCDH18",-1.0527060103803,0.0415954005376465,47.9629548284289,0,0.244897959183673,-2.48707238960072,2.80383184157506e-29,0.957556935817805,30.7914271443732
"78","79852","EPHX3",1.20910885441135,0.0340844133012807,46.0165852331315,0,0.428571428571429,2.21184234670856,0.0130645543391639,0.719921785139176,29.5230140644745
"79","2261","FGFR3",1.57966597824499,0.0420417396105126,29.6047001628615,2,0.285714285714286,1.57762617377003,0.0365077413464169,0.678974005060962,29.3774980922917
"80","55086","RADX",1.57302167475488,0.0364446167825785,48.7961823331619,0,0.285714285714286,1.27889043492885,0.0444266076077097,0.730848861283644,26.7773758149467
"81","84870","RSPO3",-1.15180906867203,0.0331620722671423,48.1662994995252,1,0.244897959183673,-3.74953675924968,4.86557882975446e-18,0.900966183574879,25.2561564351901
"82","4256","MGP",-1.86934768651183,0.0365553146878192,45.6181701942513,3,0.428571428571429,-2.59238381577291,1.37662856406828e-07,0.854497354497355,23.0605345657122
"83","23731","TMEM245",-1.16090592582557,0.0292718489294304,47.0816821376705,0,0.489795918367347,-0.860291407108467,8.46336832111756e-09,0.827582240625719,22.9544566300547
"84","54749","EPDR1",-1.40570251724819,0.041208427469182,20.4424478708497,0,0.36734693877551,-1.66507179823337,7.2671070069411e-07,0.789279963193007,21.0374653039181
"85","6338","SCNN1B",1.0160638141598,0.040397999334463,27.0420121574238,0,0,1.15788417065838,0.219706146494726,0.67034736599954,20.3891984940437
"86","6423","SFRP2",-2.07121097391062,0.0264033935022061,38.153183671914,1,0.489795918367347,-2.56281297622863,0.000569769231862689,0.660685530250748,16.2915058881606
"87","55214","P3H2",-1.20779063492842,0.017574681627962,31.1843020906898,0,0.285714285714286,-0.840331435816443,0.0151702060010064,0.662985967333793,15.3803641332852
"88","144402","CPNE8",-1.07405465571051,0.0464707210711503,48.5110448112722,1,0.244897959183673,-1.64996356379487,2.37639725599527e-08,0.792155509546814,13.87242250931
